actor_id,actor_name,actor_og_name,conflict_ids,org_level
2,Government of Hyderabad,,"11884, 226",4
3,Government of United States of America,,"11347, 13637, 13639, 13646, 13692, 13694, 14113, 14197, 14609, 15283, 16099, 230, 232, 235, 238, 242, 249, 259, 260, 262, 293, 300, 333, 337, 350, 368, 371, 372, 412, 416, 418, 420, 430",4
4,Government of Canada,,"11347, 14113, 16099, 235, 259, 333, 371, 412, 418",4
5,Government of Cuba,,"242, 268, 327, 329, 413, 436",4
6,Government of Haiti,,381,4
7,Government of Dominican Republic,,"259, 290",4
8,Government of Trinidad and Tobago,,378,4
9,Government of Grenada,,350,4
10,Government of Mexico,,"11347, 14113, 400, 416",4
11,Government of Guatemala,,"11347, 14113, 15283, 233, 416",4
12,Government of Honduras,,"255, 259, 306, 371",4
13,Government of El Salvador,,"11347, 14113, 259, 306, 316, 333, 372",4
14,Government of Nicaragua,,"255, 259, 336",4
15,Government of Costa Rica,,225,4
16,Government of Panama,,"367, 368",4
17,Government of Colombia,,"235, 289, 416",4
18,Government of Venezuela,,277,4
19,Government of Suriname,,357,4
20,Government of Ecuador,,"403, 416",4
21,Government of Peru,,"15283, 292, 403, 416",4
22,Government of Brazil,,"15283, 416",4
23,Government of Bolivia,,"15283, 200, 416",4
24,Government of Paraguay,,"15283, 220, 416",4
25,Government of Chile,,321,4
26,Government of Argentina,,"247, 346, 371, 416",4
27,Government of Uruguay,,319,4
28,Government of United Kingdom,,"11347, 13692, 14113, 16099, 207, 215, 229, 235, 239, 241, 248, 252, 258, 259, 261, 273, 280, 281, 286, 315, 317, 333, 346, 371, 372, 382, 412, 418, 420",4
29,Government of Ireland,,"11347, 14113, 333",4
30,Government of Netherlands,,"11347, 14113, 16099, 204, 235, 259, 276, 333, 371, 372, 412, 418",4
31,Government of Belgium,,"11347, 14113, 235, 259, 333, 371, 372, 412, 418",4
32,Government of Luxembourg,,"11347, 14113, 235, 333, 412",4
33,Government of France,,"11347, 13639, 13840, 14113, 15283, 201, 208, 214, 216, 219, 235, 244, 245, 246, 252, 254, 256, 257, 259, 260, 270, 272, 284, 288, 333, 353, 360, 371, 372, 412, 416, 418, 430, 442",4
34,Government of Switzerland,,"11347, 14113, 333, 372",4
35,Government of Spain,,"11347, 14113, 15283, 256, 257, 259, 333, 342, 371, 412, 416, 418",4
36,Government of Portugal,,"11347, 14113, 15283, 259, 263, 279, 285, 333, 371, 372, 412, 416, 418",4
37,Government of Germany,,"11347, 14113, 333, 372, 412, 418",4
38,Government of Poland,,"259, 333, 412, 418",4
39,Government of Austria,,"11347, 14113, 333, 372",4
40,Government of Hungary,,"11347, 14113, 15283, 250, 333, 412, 416",4
41,Government of Czechoslovakia,,371,4
42,Government of Czech Republic,,"11347, 14113, 259, 333, 372, 412, 416, 418",4
43,Government of Slovakia,,"259, 333, 418",4
44,Government of Italy,,"11347, 14113, 259, 333, 371, 372, 412, 418",4
45,Government of Albania,,"215, 259, 333",4
46,Government of Montenegro,,333,4
47,Government of North Macedonia,,"259, 333, 417",4
48,Government of Croatia,,"333, 390, 398, 418",4
49,Government of Serbia (Yugoslavia),,"15283, 384, 385, 389, 390, 412, 416",4
50,Government of Bosnia-Herzegovina,,"11347, 14113, 259, 333, 372, 389, 397, 398",4
51,Government of Slovenia,,333,4
52,Government of Greece,,"11347, 14113, 203, 235, 333, 371, 412, 418",4
53,Government of Cyprus,,323,4
54,Government of Bulgaria,,"259, 333",4
55,Government of Moldova,,"15283, 259, 394, 416",4
56,Government of Romania,,"11347, 14113, 15283, 259, 333, 370, 372, 416, 418",4
57,Government of Russia (Soviet Union),,"11347, 13243, 13246, 13247, 13306, 13588, 13604, 14113, 16038, 205, 206, 210, 211, 212, 213, 235, 250, 299, 305, 333, 376, 377, 393, 395, 399, 401, 414, 416, 431, 432",4
58,Government of Estonia,,"11347, 14113, 259, 333, 372, 418",4
59,Government of Latvia,,"11347, 14113, 259, 333, 372",4
60,Government of Lithuania,,"11347, 14113, 259, 333, 418",4
61,Government of Ukraine,,"11347, 13219, 13243, 13246, 13247, 13306, 14113, 14692, 259, 283, 333",4
62,Government of Armenia,,"11347, 14113, 259, 333, 372, 388",4
63,Government of Georgia,,"259, 333, 380, 392, 393",4
64,Government of Azerbaijan,,"259, 333, 388, 396",4
65,Government of Finland,,"11347, 14113, 333, 372",4
66,Government of Sweden,,"11347, 14113, 15283, 333, 372, 416",4
67,Government of Norway,,"11347, 14113, 16099, 259, 333, 371, 372, 412, 418",4
68,Government of Denmark,,"11347, 14113, 259, 333, 371, 372, 412, 418",4
69,Government of Iceland,,"333, 412",4
70,Government of Guinea-Bissau,,"11347, 14113, 372, 410",4
71,Government of Gambia,,"11347, 14113, 15283, 344, 372, 416",4
72,Government of Mali,,"11347, 13611, 13840, 14113, 15283, 16038, 355, 360, 372, 382, 386, 416",4
73,Government of Senegal,,"11347, 14113, 15283, 344, 371, 372, 375, 410, 416",4
74,Government of Mauritania,,"11347, 14113, 15283, 372, 416, 428, 442",4
75,Government of Niger,,"11347, 13639, 13641, 13840, 14113, 15283, 297, 360, 371, 372, 373, 386, 406, 416, 430",4
76,Government of Ivory Coast,,"11347, 14113, 15283, 360, 372, 416, 419",4
77,Government of Guinea,,"11347, 14113, 15283, 307, 372, 382, 410, 416",4
78,Government of Burkina Faso,,"11347, 13840, 14113, 15283, 16038, 355, 360, 372, 416, 430",4
79,Government of Liberia,,"11347, 14113, 341, 372",4
80,Government of Sierra Leone,,"11347, 14113, 337, 371, 372, 382, 416",4
81,Government of Ghana,,"11347, 14113, 15283, 295, 337, 360, 372, 382, 416",4
82,Government of Togo,,"11347, 14113, 15283, 358, 360, 372, 416",4
83,Government of Cameroon,,"11347, 13638, 13641, 14113, 14129, 15283, 297, 303, 353, 372, 405, 416",4
84,Government of Nigeria,,"11347, 13638, 13639, 13641, 14113, 15283, 297, 303, 337, 349, 372, 382, 405, 416, 424, 425",4
85,Government of Gabon,,"15283, 284, 416",4
86,Government of Central African Republic,,"15283, 314, 416",4
87,Government of Chad,,"11347, 13638, 13639, 13640, 13641, 13840, 14113, 283, 288, 297, 309, 349, 353, 360, 361, 372, 386, 408, 416, 430",4
88,Government of Congo,,"11347, 15283, 408, 416",4
89,Government of DR Congo (Zaire),Government of République démocratique du Congo (Zaïre),"11347, 14692, 14845, 15283, 265, 266, 283, 287, 288, 314, 327, 372, 374, 416, 429",4
90,Government of Uganda,,"11345, 14692, 15438, 283, 314, 337, 427",4
91,Government of Kenya,,"11347, 13646, 14113, 14692, 15283, 283, 337, 348, 372, 381, 413, 416",4
92,Government of Tanzania,,"14692, 14845, 15183, 15283, 265, 283, 314, 332, 416, 427, 429",4
93,Government of Burundi,,"11347, 14113, 14692, 15283, 283, 287, 337, 372, 416",4
94,Government of Rwanda,Government of Rwanda,"11347, 14845, 15283, 283, 372, 374, 416",4
95,Government of Somalia,,"14074, 14197, 16379, 268, 329, 337",4
96,Government of Djibouti,,"11347, 15283, 337, 372, 379, 416, 435",4
97,Government of Ethiopia,,"11347, 11447, 14113, 14935, 16069, 235, 267, 268, 275, 329, 337, 363, 409, 413, 436, 437",4
98,Government of Eritrea,,"230, 267, 326, 337, 409, 435",4
99,Government of Angola,,"14845, 283, 327, 387, 408",4
100,Government of Mozambique,,"14845, 332",4
101,Government of Zimbabwe (Rhodesia),,"11346, 283, 318, 332, 416",4
102,Government of South Africa,,"14692, 14845, 235, 265, 283, 298, 314, 318, 327, 345, 411, 416, 429",4
103,Government of Namibia,,"283, 327",4
104,Government of Lesotho,,"14845, 411",4
105,Government of Botswana,,"14845, 411",4
106,Government of Madagascar,,"11347, 14113, 15283, 310, 372, 416",4
107,Government of Comoros,,"362, 407",4
108,Government of Morocco,,"15283, 230, 278, 283, 311, 331, 371, 416",4
109,Government of Algeria,,"13721, 278, 331, 386",4
110,Government of Tunisia,,"11347, 14113, 14333, 15283, 272, 343, 372, 416",4
111,Government of Libya,,"11346, 13694, 288, 314, 361, 416",4
112,Government of Sudan,,"11344, 11346, 11348, 230, 282, 309, 314",4
113,Government of South Sudan,,"11345, 11348, 14692, 283, 309, 314",4
114,Government of Iran,,"11347, 13604, 14113, 14268, 14609, 205, 206, 299, 317, 324, 333, 338, 339",4
115,Government of Turkey,,"11346, 11347, 13902, 14113, 15283, 235, 299, 323, 333, 354, 371, 372, 383, 388, 412, 416, 418",4
116,Government of Iraq,,"228, 259, 271, 324, 371, 420",4
117,Government of Egypt,,"11343, 11347, 13648, 14113, 15283, 228, 230, 239, 252, 371, 372, 391, 416",4
118,Government of Syria,,"13042, 13604, 13809, 228, 234, 260, 299, 302, 371",4
119,Government of Lebanon,,"13675, 228, 260",4
120,Government of Jordan,,"11347, 13886, 14113, 15283, 228, 230, 259, 301, 317, 333, 372, 416, 418",4
121,Government of Israel,,"11343, 14609, 228, 234, 252, 301, 302, 418, 426",4
122,Government of Saudi Arabia,,"230, 259, 340, 371, 418",4
123,Government of Yemen (North Yemen),,"11347, 13645, 14113, 15283, 16099, 230, 234, 320, 372, 402, 416",4
124,Government of South Yemen,,"268, 275, 317, 320, 329, 359",4
125,Government of Kuwait,,"230, 371, 418",4
126,Government of Bahrain,,"16099, 230, 259, 333, 371",4
127,Government of Qatar,,"230, 371",4
128,Government of United Arab Emirates,,"11346, 230, 259, 333, 371",4
129,Government of Oman,,"258, 317, 371",4
130,Government of Afghanistan,,"11639, 13637, 13692, 333, 404, 418, 431",4
131,Government of Tajikistan,,"11347, 13324, 16292, 395",4
132,Government of Kyrgyzstan,,"13324, 415",4
133,Government of Uzbekistan,,"395, 415",4
134,Government of Kazakhstan,,"259, 416",4
135,Government of China,,"11347, 11349, 14113, 15283, 202, 217, 232, 235, 236, 274, 304, 305, 334, 372, 416",4
136,Government of Mongolia,,"259, 333",4
137,Government of Taiwan,,232,4
138,Government of North Korea,,"13243, 235, 293",4
139,Government of South Korea,,"235, 259, 293, 333",4
140,Government of Japan,,418,4
141,Government of India,,"11342, 13653, 218, 226, 227, 251, 274, 296, 335, 347, 351, 364, 365, 421, 434",4
142,Government of Pakistan,,"11347, 11639, 13637, 13936, 14113, 15283, 218, 312, 325, 333, 371, 404, 416, 418",4
143,Government of Bangladesh,,"11347, 11350, 13674, 14113, 14692, 15283, 283, 322, 371, 372, 416",4
144,Government of Myanmar (Burma),,"11475, 221, 222, 223, 224, 231, 253, 264, 304, 422, 439, 440",4
145,Government of Sri Lanka,,"11347, 14113, 15283, 16099, 313, 352, 416",4
146,Government of Nepal,,"11347, 14113, 14692, 15283, 269, 283, 372, 416",4
147,Government of Thailand,,"15283, 214, 235, 240, 262, 293, 294, 356, 416, 423",4
148,Government of Cambodia (Kampuchea),,"11347, 14113, 15283, 294, 300, 328, 372, 416",4
149,Government of Laos,,"262, 300, 356",4
150,Government of Vietnam (North Vietnam),,"15283, 262, 293, 300, 328, 334, 416",4
151,Government of South Vietnam,,"249, 262, 293, 300",4
152,Government of Malaysia,,"11487, 261, 280, 281, 308, 333",4
153,Government of Singapore,,"16099, 333",4
154,Government of Philippines,,"14275, 209, 235, 259, 293, 308, 416",4
155,Government of Indonesia,,"11347, 14113, 14692, 15283, 237, 243, 276, 281, 283, 291, 330, 366, 372, 416",4
156,Government of Australia,,"11347, 14113, 16099, 229, 235, 259, 261, 293, 333, 371, 418, 420",4
157,Government of Papua New Guinea,,369,4
158,Government of New Zealand,,"11347, 14113, 16099, 229, 235, 261, 293, 333, 418",4
159,Government of Tonga,,"259, 333",4
160,Khmer Issarak,Khmer Issarak,201,1
161,PLA,,202,1
162,DSE,Dimkratikos stratos ellados,203,1
163,Indonesian People's Army,,204,1
164,KDPI,Republic of Kurdistan,205,1
165,Republic of Azerbaijan,,206,1
166,IZL [Etzel],Irgun zwai leumi,207,1
167,Lao Issara,Lao Issara,208,1
168,Huk,Hukbong Mapagpalaya ng Bayan,209,1
169,CPP,Communist Party of the Philippines,209,1
170,"Military faction (forces of Honasan, Abenina & Zumel)",,209,1
171,Forest Brothers,Metsavennad,210,1
172,LNPA,,211,1
173,LTS(p)A,,211,1
174,BDPS,Bendras demokratinio pasipriesinimo sajudis,212,1
175,UPA,Ukrayins'ka Povstans'ka Armiya,213,1
176,Viet minh,Viet Nam doc lap dong minh hoi,216,1
177,Taiwanese insurgents,,217,1
178,CPI,,"11884, 227",1
179,MDRM,Mouvement démocratique de la rénovation malgache,219,1
180,KNU,Karen National Union,221,1
181,God's Army,ဘုရားသခင်၏ တပ်မတော် ,221,1
182,CPB,,222,1
183,CPB-RF,,222,1
184,"PVO - ""White Band"" faction",,222,1
185,ABSDF,ျမန္မာႏိုင္ငံလံုးဆုိင္ရာ ေက်ာင္းသားမ်ား ဒီမိုကရက္တစ္ တပ္ဦး ,222,1
187,RSO,,223,1
188,MFL-MUF,,224,1
189,MPF,,224,1
190,NMSP,,224,1
191,BMA,,224,1
192,CPI-ML,,227,1
193,PWG,People’s War Group,227,1
194,MCC,Maoist Communist Centre,227,1
195,CPI-Maoist,Communist Party of India-Maoist,227,1
196,CPM,,"229, 261",1
197,Opposition coalition,,230,1
198,Royalists,,230,1
199,NDF,,230,1
200,PNDF,,231,1
201,KIO,ကချင်လွတ်လပ်ရေး အဖွဲ့ချုပ်,231,1
202,Palestinian insurgents,,234,1
203,Non PLO groups,,234,1
204,PLO,,234,1
205,PFLP,Al-Jabna Al-Shabiyya li-Tahrir Filastin,234,1
206,PFLP-GC,Al-Jabna Al-Shabiyya li-Tahrir Filastin - General Command,234,1
207,Fatah,Harakat al-Tahrir al-Watani al-Filastini,234,1
208,PIJ,Harakat al-Jihad al-Islami fi Filastin,234,1
209,Hamas,Harakat al-Muqawarna al-Islamiyya,234,1
210,PNA,,234,1
211,AMB,Kataeb al-Shaheed al-Aqsa,234,1
212,PRC,,234,1
213,Tibet,,236,1
214,Republic of South Moluccas,,237,1
215,Military faction (navy),,240,1
216,CPT,,240,1
217,Darul Islam,Darul Islam,243,1
218,Permesta Movement,Permesta Movement,243,1
219,PRRI,Pemerintah Revolusioner Republik Indonesia,243,1
220,EOKA,Ethniki organosis kiprion agoniston,248,1
221,FNL,Front national de libération,249,1
222,NNC,,251,1
223,NSCN-IM,National Socialist Council of Nagaland,251,1
224,NSCN-K,National Socialist Council of Nagaland- Khaplang faction,11475,1
225,KNPP,,253,1
226,State of Oman/Free Oman,,258,1
227,Military faction (free Officers Movement),,259,1
228,Military faction (forces of Abdul Wahab al-Shawaf),,259,1
229,Military faction (forces of Abd as-Salam Arif),,259,1
230,NCRC,,259,1
231,SCIRI,,259,1
233,Ansar al-Islam,Ansar al-Islam,259,1
234,IS,Jama’at Al-Tawhid wa Al-Jihad,"13588, 13604, 13637, 13638, 13639, 13640, 13641, 13645, 13648, 13674, 13675, 13694, 13721, 13840, 13886, 13902, 13936, 14113, 14197, 14268, 14275, 14333, 14692, 14845, 15183, 15438, 16292, 259",1
235,RJF,Al-Jaysh al-Islami fi Iraq,259,1
236,Independent Nasserite Movement,,260,1
237,NSF,,260,1
238,LAA,,260,1
239,Amal,Afwâj al-Muqâwmat al-Lubnâniyya,260,1
240,NUF,,260,1
241,Lebanese Forces - Hobeika faction,Lebanese Forces - Hobeika faction,260,1
242,Forces of Michel Aoun,Forces of Michel Aoun,260,1
243,Lebanese Forces,Lebanese Forces,260,1
244,Pathet Lao,Pathet Lao,262,1
245,Neutralists,,262,1
246,LRM,,262,1
247,NSH,Noom Suik Harn,264,1
248,SSIA,,264,1
249,SNUF,,264,1
250,SSA,,264,1
251,SSNLO,,264,1
252,SURA,,264,1
253,SSRA,,264,1
254,TRC,,264,1
255,MTA,Mong Tai Army,264,1
256,RCSS,Restoration Council of Shan States,264,1
257,NC,,269,1
258,CPN-M,Samyukta Jana Morcha,269,1
259,OAS,Organisation de l’armée secrète,270,1
260,KDP,Al-hizb al dimuqraati al-kurid,271,1
261,PUK,Yekîtiya Nîştimanî ya Kurdistanê,271,1
262,KDP-QM,Al-hizb al dimuqraati al-kurid - Qiyada Muvaqqata,271,1
263,North Kalimantan Liberation Army,Tentera Nasional Kalimantan Utama,273,1
264,CCO,,280,1
265,FLOSY,,286,1
266,OPM,Organisasi Papua merdeka,291,1
267,MNF,,296,1
268,Military faction (forces loyal to Nureddin Atassi and Youssef Zeayen),,299,1
269,Muslim Brotherhood,,299,1
270,KR,Khmer Rouge,300,1
271,KNUFNS,,300,1
272,KPNLF,រណសិរ្សរំដោះជាតិប្រជាជនខ្មែរ,300,1
273,FUNCINPEC,"Front uni national pour un Cambodge indépendent, neutre, pacifique et coopératif",300,1
274,MIM,,308,1
275,MNLF,,308,1
276,MILF,Jabhat tahrir muru al'iislamiati‎,308,1
277,ASG,Abu Sayyaf Group,308,1
278,MNLF - NM,,308,1
279,MNLF - HM,,308,1
280,Mukti Bahini,Mukti Bahini,312,1
281,JVP,Janatha Vimukthi Peramuna,313,1
282,PIRA,,315,1
283,RIRA,Óglaigh na hÉireann,315,1
284,PFLO,al-Jabha al-Sha'abiya li-Tahrir al-Khalij al-'Arabi al-Muhtall,317,1
285,PCJSS,Parbattya Chattagram Jana Samhati Samiti,322,1
287,BLA,بلۏچستان آجوییء لشکر,325,1
288,Baloch Ittehad,Baloch Ittehad,325,1
289,BRA,,325,1
290,CNRT,Frente revolucionária de Timor Leste independente,330,1
291,PDPA,Hizb-i Demokratik-i Khalq-i Afghanistan,333,1
292,Jam'iyyat-i Islami-yi Afghanistan,Jam'iyyat-i Islami-yi Afghanistan,333,1
293,Harakat-i Inqilab-i Islami-yi Afghanistan ,Harakat-i Inqilab-i Islami-yi Afghanistan ,333,1
294,Hizb-i Islami-yi Afghanistan - Khalis faction,Hizb-i Islami-yi Afghanistan - Khalis faction,333,1
295,Jabha-yi Nijat-i Milli-yi Afghanistan ,Jabha-yi Nijat-i Milli-yi Afghanistan ,333,1
296,Mahaz-i Milli-yi Islami-yi Afghanistan ,Mahaz-i Milli-yi Islami-yi Afghanistan ,333,1
297,Ittihad-i Islami Bara-yi Azadi-yi Afghanistan ,Ittihad-i Islami Bara-yi Azadi-yi Afghanistan ,333,1
298,Harakat-i Islami-yi Afghanistan,Harakat-i Islami-yi Afghanistan,333,1
299,Hizb-i Islami-yi Afghanistan,Hizb-i Islami-yi Afghanistan,333,1
300,Hizb-i Wahdat,Hizb-i Wahdat,333,1
301,Military faction (forces of Shahnawaz Tanay),,333,1
302,Junbish-i Milli-yi Islami,Junbish-i Milli-yi Islami,333,1
303,Taleban,Taleban,333,1
304,UIFSA,Jabha-yi Muttahid-i Islami-yi Milli bara-yi Nijat-i Afghanistan,333,1
305,TNV,,335,1
306,ATTF,All Tripura Tiger Force,335,1
307,NLFT,National Liberation Front of Tripura,335,1
308,MEK,Mujahideen e Khalq,338,1
309,PJAK,Partî Jiyanî Azadî Kurdistan,338,1
310,Jondullah,Jondullah,338,1
311,APCO,,339,1
312,JSM,al-Jama'a al-Salafiyya al-Muhtasiba,340,1
313,ETA,Euskadi ta azkatasuna,342,1
314,PLA,,347,1
315,UNLF,,347,1
317,KCP,,347,1
318,PREPAK,,347,1
319,Sikh insurgents,Sikh insurgents,351,1
320,LTTE,Thamil Eelam Viduthalai Puligal,352,1
321,TELO,,352,1
322,EPRLF,Eelam People's Revolutionary Liberation Front,352,1
323,PKK,Partiya karkeren Kurdistan,354,1
324,YSP - AFI,,359,1
325,Kashmir insurgents,Kashmir insurgents,364,1
326,ULFA,United Liberation Front of Assam,365,1
327,GAM,Gerakan Aceh Merdeka,366,1
328,BRA,,369,1
329,NSF,Frontul Salvării Naţionale,370,1
330,Republic of Armenia,,376,1
331,APF,,377,1
332,National Guard and Mkhedrioni,,380,1
333,Zviadists,,380,1
334,DHKP-C,Devrimci Sol,383,1
335,MKP,Maoist Komünist Partisi,383,1
336,Republic of Slovenia,,384,1
337,Republic of Croatia,Republic of Croatia,385,1
338,Republic of Artsakh,,388,1
339,Serbian Republic of Bosnia-Herzegovina,Serbian Republic of Bosnia-Herzegovina,389,1
340,Serbian Republic of Krajina,Republika Srpska Krajina,390,1
341,al-Gama'a al-Islamiyya,al-Gama'a al-Islamiyya,391,1
342,Republic of Abkhazia,Republic of Abkhazia,392,1
343,Republic of South Ossetia,,393,1
344,PMR,Pridnistrovs'ka Moldavs'ka Respublika,394,1
345,UTO, Оппозицияи муттаҳидаи тоҷик,395,1
346,Forces of Khudoberdiyev,,395,1
347,Military faction (forces of Suret Husseinov),,396,1
348,OPON Forces,Otryad Policija Osobogo Naznacenija,396,1
349,Autonomous Province of Western Bosnia,,397,1
350,Croatian Republic of Bosnia-Herzegovina,Croatian Republic of Bosnia-Herzegovina,398,1
351,Parliamentary Forces,,399,1
352,Chechen Republic of Ichkeria,Нохчийн Республик Ичкери,401,1
353,Democratic Republic of Yemen,,402,1
354,MQM,Mohajir Qaumi Mahaz,404,1
356,TTP,Tehrik-i-Taliban Pakistan,404,1
357,UCK,Ushtria çlirimtare ë kosovës,412,1
358,Wahhabi movement of the Buinaksk district,,414,1
359,IMU,Islamic Movement of Uzbekistan,"395, 404, 415",1
360,JIG,,415,1
361,UCK,Ushtria çlirimtare ë kombëtare,417,1
362,ABSU,All Bodo Student’s Union,421,1
363,NDFB,Bodo Security Force,421,1
364,UWSA,United Wa State Army,422,1
365,Patani insurgents,Patani insurgents,423,1
366,Hezbollah,Hezbollah,426,1
367,Forces of the Caucasus Emirate,Имарат Кавказ / Имар Кавказ/ Кавказский Эмират,432,1
368,DHD - BW,Dima Halam Daogah - Black Widow faction,,1
369,PULF,,434,1
370,Croatian irregulars,,"385, 398",1
371,Serbian irregulars,Serbian irregulars,"389, 390",1
372,Supporters of Awami League,Supporters of Awami League,,2
373,BLTF,Bodo Liberation Tiger Force,,1
374,Supporters of BNP,Supporters of Bangladesh Jatiotabadi Dal,,2
375,Forces of Abdul Rahman Khan ,Forces of Abdul Rahman Khan ,,1
376,Forces of Amanullah,Forces of Amanullah,,1
377,Forces of Amanullah Khan ,Forces of Amanullah Khan,,1
378,Forces of Arbab Basir,Forces of Arbab Basir,,1
379,Forces of Ismail Khan ,Forces of Ismail Khan,,1
382,Gazotan Murdash,Gazotan Murdash,,1
383,GICM,Groupe Islamique Combattant Marocain,,1
384,Jamaat Jund al-Sahaba,Jamaat Jund al-Sahaba,,1
385,Jemaah Islamiya,Jemaah Islamiya,,1
387,Kuki,Kuki,,3
388,LeJ,Lashkar-e-Jhangvi,,1
389,LTTE - K,Thamil Eelam Viduthalai Puligal - Karuna faction,,1
390,Lumad,Lumad,,3
391,Moro,Moro,,3
392,Ranvir Sena,Ranvir Sena,,1
393,Salafia Jihadia,Salafia Jihadia,,1
395,Tawhid wal Jihad,Tawhid wal Jihad,,1
396,UPDS,United People's Democratic Solidarity,,1
397,VHP,Vishwa Hindu Parishad,,1
398,Ansaar ul-Islam,Ansaar ul-Islam,,1
399,Lashkar-e-Islam,Lashkar-e-Islam,404,1
400,Mau Mau,Mau Mau,241,1
401,Istiqlal,Istiqlal,244,1
402,National Liberation Army,,245,1
403,FLN ,Front de libération nationale,246,1
404,MNA,Mouvement nationale algérien,246,1
405,MPLA,Movimento popular de libertação de Angola,263,1
406,State of Katanga,État du Katanga,265,1
407,Independent Mining State of South Kasai,État minier du Sud-Kasaï,266,1
408,Military faction (forces of Mengistu Neway),,267,1
409,EPRP,,267,1
410,TPLF,Tigrean People’s Liberation Front,267,1
411,EDU,,267,1
412,EPDM,,267,1
413,Military faction (forces of Amsha Desta and Merid Negusie),,267,1
414,EPRDF,,267,1
415,ELF,,275,1
416,EPLF,,275,1
417,PAIGC,Partido africano da independência da Guiné e do Cabo  Verde,279,1
418,SSLM,Anya Nya,282,1
419,CNL,Conseil national de libération,283,1
420,Military Faction (Forces of Jean Schramme),,283,1
421,FLNC,Front de libération nationale congolais,283,1
422,AFDL,Alliance des Forces démocratiques pour la libération du Congo-Kinshasa,283,1
423,MLC,Mouvement pour la Libération du Congo,283,1
424,RCD,Rassemblement Congolais pour la Démocratie,283,1
425,RCD-ML ,Rassemblement Congolais pour la Démocratie-Mouvement de Libération,,1
426,CNDP,Congrès National pour la Défense du Peuple,283,1
427,Military faction (forces loyal to Léon M'Ba),,284,1
428,Frelimo,Frente de libertação de Moçambique,285,1
429,Military faction (forces loyal to Gervais Nyangoma),,287,1
430,Palipehutu,Parti pour la libération du peuple Hutu,287,1
431,CNDD,Conseil national pour la défense de la démocratie,287,1
432,Palipehutu-FNL,Parti pour la libération du peuple Hutu-Forces nationales de libération,287,1
433,Frolina,Front pour la libération nationale,287,1
434,CNDD-FDD ,Conseil national pour la défense de la démocratie-Forces pour la défense de la démocratie,287,1
435,Frolinat,Front de libération national du Chad,288,1
436,First Liberation Army,,288,1
437,Second Liberation Army,,288,1
438,FAN,Forces armées du nord,288,1
439,FAP,Forces armées populaires,288,1
440,FAT,Forces Armées Tchadiennes,288,1
441,GUNT,Gouvernement d’union nationale de transition,288,1
442,Islamic Legion,,288,1
443,Revolutionary Forces of 1 April ,,288,1
444,MOSANAT,Mouvement pour le salut national du Chad,288,1
445,MPS,Mouvement patriotique du salut,288,1
446,MDD,Mouvement pour la démocratie et le dévelopment,288,1
447,CNR,Comité national de redressement,288,1
448,CSNPD,Conseil de salut national pour la paix et la démocratie,288,1
449,Military faction (forces of Maldoum Bada Abbas),,288,1
450,FNT,Front national tchadien,288,1
451,FARF,Forces armées pour la République fédérale,288,1
452,MDJT,Mouvement pour la démocratie et la justice au Tchad,288,1
453,FUCD,Rassemblement pour la Démocratie et la Liberté,288,1
454,RAFD,Rassemblement des Forces démocratiques,288,1
455,CDR,Conseil démocratique révolutionnaire,288,1
456,UFDD,Union des Forces pour la Démocratie et le Développement,288,1
457,NLC,,295,1
458,Military faction (forces of Jerry John Rawlings),,295,1
459,Military faction (forces of Ekow Dennis and Edward Adjei-Ampofo) ,,295,1
460,Military faction (forces of Patrick Nzeogwu),,297,1
461,SWAPO,,298,1
462,Republic of Biafra,,303,1
463,RFDG,Rassemblement des Forces démocratiques de Guinée,307,1
464,Sudanese Communist Party,,309,1
465,National Front,,309,1
466,SPLM/A,Sudanese People’s Liberation Movement/Army,309,1
467,NDA,,309,1
468,JEM,Justice and Equality Movement,309,1
469,SLM/A,Sudan Liberation Movement/Army,309,1
470,NRF,,309,1
471,SLM/A - MM,Sudan Liberation Movement/Army - Minni Minawi faction,309,1
472,SLFA,,309,1
473,Monima ,Mouvement National pour l’Independence de Madagascar,310,1
474,Military faction (forces of Mohamed Madbouh),,311,1
475,Military faction (forces of Idi Amin),,314,1
476,Kikosi Maalum,Kikosi Maalum,314,1
477,Military faction (forces of Charles Arube),,314,1
478,Fronasa,,314,1
479,UNLF,Uganda National Liberation Front,314,1
480,FUNA,,314,1
481,NRA,,314,1
482,UNRF,,314,1
483,HSM,,314,1
484,UPDA,,314,1
485,UFM,,314,1
486,UPA,Uganda People's Army,314,1
487,Lord's Army,,314,1
488,LRA,,314,1
489,ADF,Alliance of Democratic Forces,314,1
490,WNBF,West Nile Bank Front,314,1
491,UNRF II,Uganda National Rescue Front II,314,1
492,ZAPU,,318,1
493,ZANU,,318,1
494,PF,,318,1
495,EIJM - AS,Harakat al Jihad al Islami - Abu Suhail faction,326,1
496,WSLF,,329,1
497,ONLF,Jabhadda Wadaniga Xoreynta Ogaadeenya,329,1
498,Renamo,Resistência nacional moçambicana,332,1
499,SSDF,Somali Salvation Democratic Front,337,1
500,SNM,Dhaq dhaqaaqa wadaniga soomaliyeed,337,1
501,SPM,Somali Patriotic Movement,337,1
502,USC/SSA,United Somali Congress,337,1
503,USC/SNA,United Somali Congress/Somali National Alliance,337,1
504,SRRC,,337,1
505,ARS/UIC,Supreme Islamic Council of Somalia,337,1
506,Military faction (forces of Samuel Doe),,341,1
507,NPFL,National Patriotic Front of Liberia,341,1
508,INPFL,Independent National Patriotic Front of Liberia,341,1
509,LURD,Liberians United for Reconciliation and Democracy,341,1
510,MODEL,,341,1
511,Résistance Armée Tunisienne,Résistance Armée Tunisienne,343,1
512,NRC,,344,1
513,ANC,African National Congress,345,1
514,Military faction (forces of Hezekiah Ochuka),,348,1
515,Military faction (forces of Ibrahim Saleh),,353,1
516,MTD,Movement togolaise pour la démocratie,358,1
517,Popular Front,,360,1
518,Presidential guard,Garde-Presidentielle,362,1
519,ALF,,363,1
520,ARDUF,,363,1
521,MPA,Mouvement Populaire de Libération de l'Azaouad,372,1
522,FIAA,Front islamique arabe de l’Azaouad,372,1
523,ATNMC,Alliance démocratique du 23 Mai pour le changement - Ibrahim Bahanga faction,372,1
524,FLAA,Front de libération de l’Aїr et l’Azaouad,430,1
525,CRA,Coordination de la résistance armée,373,1
526,UFRA,Union des Forces de la résistance armée,430,1
527,FPR,Front patriotique rwandais,374,1
528,FDLR-FOCA,Forces démocratiques de libération du Rwanda,374,1
529,MFDC,Mouvement des forces démocratiques de Casamance,375,1
530,FRUD,Front pour la restauration de l’unité et de la démocratie,379,1
531,FRUD-C,Front pour la restauration de l’unité et de la démocratie-Combattant,379,1
532,RUF,Revolutionary United Front,382,1
533,AFRC,Armed Forces Revolutionary Council,382,1
534,Kamajors,Kamajors,382,1
535,WSB,,382,1
536,Takfir wa'l Hijra,Takfir wa'l Hijra,386,1
537,AIS,Mouvement Islamique Armée,386,1
538,GIA,Groupe islamique armé,386,1
539,AQIM,Groupe salafiste pour la prédication et le combat,"11347, 343, 386, 442",1
540,FLEC-R,Frente da libertação do enclave de Cabinda-Renovada,387,1
541,FLEC-FAC,Frente da libertação do enclave de Cabinda-Forças armadas de Cabinda,387,1
542,AIAI,al-Itahad al-Islami,329,1
543,FDR,Front démocratique pour le renouveau,406,1
544,MPA/Republic of Anjouan,Mouvement populaire anjouanais/Republic of Anjouan,407,1
545,Cobras,Cobras,408,1
546,Ninjas,Ninjas,408,1
547,Cocoyes,Cocoyes,408,1
548,Ntsiloulous,Ntsiloulous,408,1
549,"Military Junta for the Consolidation of Democracy, Peace and Justice",,410,1
550,Military faction (Lesotho),,411,1
551,OLF,,413,1
552,Military faction (forces of André Kolingba),,416,1
553,Forces of Francois Bozize,,416,1
554,Seleka,Union des Forces démocratiques pour le rassemblement,416,1
555,MJP,Mouvement pour la justice et la paix,419,1
556,MPCI,Mouvement Patriotique de la Côte d’Ivoire,419,1
557,MPIGO,Mouvement Populaire Ivorian du Grand Ouest,419,1
558,FRCI,Forces Nouvelles,419,1
559,Ahlul Sunnah Jamaa,Ahlul Sunnah Jamaa,424,1
560,NDPVF,Niger Delta People’s Volunteer Force,425,1
561,BDK,Bundu dia Kongo,429,1
562,MNJ,Mouvement des Nigériens pour la Justice,430,1
563,POLISARIO,Frente popular de liberación de Saguia el Hamra y Rio de Oro,"331, 428",1
564,UPC,Union des populations camerounaises,"254, 353",1
565,NLA,,"256, 257",1
566,FNLA,União do Populacoes Angolanas,"263, 327",1
567,UNITA,União nacional para a independência total de Angola,"263, 327",1
568,Forces of Abdullahi Yusuf,Forces of Abdullahi Yusuf,,1
569,Abtisame subclan of Galje'el clan (Hawiye),Abtisame subclan of Galje'el clan (Hawiye),,3
570,Abudu ,Abudu ,,3
571,Supporters of AD,Supporters of Alliance for Democracy,,2
572,Afar,Afar,,3
573,Afi subclan of Galje'el clan (Hawiye),Afi subclan of Galje'el clan (Hawiye),,3
574,AFL,Armed Forces of Liberia,,1
575,Agon-Yar subclan of Abgal clan (Hawiye),Agon-Yar subclan of Abgal clan (Hawiye),,3
576,Ali-Gaf subclan of Abgal clan (Hawiye) ,Ali-Gaf subclan of Abgal clan (Hawiye) ,,3
577,Alur,Alur,,3
578,Amaro,Amaro,,3
579,Anaguta,Anaguta,,3
580,Supporters of ANPP,Supporters of All Nigeria People's Party,,2
581,Anuak,Anuak,,3
582,Agar Dinka,Agar Dinka,,3
583,Gok Dinka,Gok Dinka,,3
584,ARPCT,Isbaheysiga Ladagaalanka Argagaxisadda,,1
585,Arrow Boys,Arrow Boys,,1
586,AWB,Afrikaner Weerstandbeweging,,1
588,Bakassi boys,Bakassi boys,,1
589,Birom,Birom,,3
590,Bokora Karimojong,Bokora Karimojong,,3
591,Borana,Borana,,3
592,Burji,Burji,,3
593,Dabare subclan of Digil clan (Digil-Mirifle),Dabare subclan of Digil clan (Digil-Mirifle),,3
594,Darsalim,Darsalim,,3
595,Da'ud subclan of Abgal clan (Hawiye),Da'ud subclan of Abgal clan (Hawiye),,3
596,Dawa,Dawa,,3
597,Dimasa ,Dimasa ,,3
598,Dinka ,Dinka ,,3
599,Dioula,Dioula,,3
600,Dir clan ,Dir clan ,,3
601,Dizi  ,Dizi  ,,3
602,Duduble subclan of Gorgorte clan (Hawiye),Duduble subclan of Gorgorte clan (Hawiye),,3
603,FAPC,Forces armées du peuple Congolais,,1
604,Fiqi Muhumud subclan (Dir),Fiqi Muhumud subclan (Dir),,3
605,FN - IC,Forces Nouvelles - Ibrahim Coulibaly faction,,1
606,FNI,Front Nationalist et Intégrationist,,1
607,Fulani,Fulani,,3
608,Hausa,Hausa,,3
609,Gabra,Gabra,,3
610,Galje'el clan (Hawiye),Galje'el clan (Hawiye),,3
611,Gamai,Gamai,,3
612,Garre subclan of Digil clan (Digil-Mirifle),Garre subclan of Digil clan (Digil-Mirifle),,3
613,Guji,Guji,,3
614,Gura,Gura,,3
615,Habaniya ,Habaniya ,,3
616,Hema,Hema,,3
617,Hotiya Baggara ,Hotiya Baggara ,,3
618,Huber subclan of Mirifle clan (Digil-Mirifle),Huber subclan of Mirifle clan (Digil-Mirifle),,3
620,Supporters of IFP,Supporters of Inkatha Freedom Party,,2
621,Igbo,Igbo,,3
622,Ijaw,Ijaw,,3
623,"Interahamwe, ex-FAR","Interahamwe, ex-FAR",,1
624,Issa (Dir),Issa (Dir),,3
625,Itsekiri,Itsekiri,,3
626,Izzi (Igbo),Izzi (Igbo),,3
627,Forces of Jama Ali Jama,Forces of Jama Ali Jama,,1
628,Janjaweed - Moro faction,Janjaweed - Moro faction,,1
629,Janjaweed - Bin Kulaib faction,Janjaweed - Bin Kulaib faction,,1
630,Janjaweed ,Janjaweed,,1
631,Jejele subclan of Jibedi clan (Hawiye),Jejele subclan of Jibedi clan (Hawiye),,3
632,Jiddo subclan of Digil clan (Digil-Mirifle),Jiddo subclan of Digil clan (Digil-Mirifle),,3
633,Jie,Jie ,,3
634,JVA,Isbahaysiga Dooxada Jubba,,1
635,Kereyou  ,Kereyou  ,,3
636,Tama,Tama,,3
637,Kibete,Kibete,,3
638,Lendu,Lendu,,3
639,LPC,Liberia Peace Council,,1
640,Luway subclan of Mirifle clan (Digil-Mirifle),Luway subclan of Mirifle clan (Digil-Mirifle),,3
641,Ma'aliyah,Ma'aliyah,,3
642,Mahadade subclan of Abgal clan (Hawiye) ,Mahadade subclan of Abgal clan (Hawiye) ,,3
643,Mambila,Mambila,,3
644,Marehan subclan (Darod),Marehan subclan (Darod),,3
645,Mayi Mayi - Chinja Chinja,Maï Maï - Chinja Chinja,,1
646,Bena Nshimba,Bena Nshimba,,3
647,Bena Kapuya,Bena Kapuya,,3
648,Mayi Mayi,Maï Maï,,1
649,MFDC - FN,Mouvement des forces démocratiques de Casamance - Front Nord,,1
650,MFDC Front Nord - MD,Mouvement des Forces démocratiques de Casamance - Front Nord Magne Diémé,,1
651,MFDC - S,Mouvement des Forces démocratiques de Casamance - Sadio,,1
652,MILOCI ,Mouvement pour la Liberation de l'Ouest de la Côte d'Ivoire,,1
653,RCD-N,Rassemblement Congolais pour la Démocratie-National,,1
654,Mohamed Muse subclan of Abgal clan (Hawiye),Mohamed Muse subclan of Abgal clan (Hawiye),,3
655,Murle,Murle,,3
656,Murule subclan of Gugundabe clan (Hawiye),Murule subclan of Gugundabe clan (Hawiye),,3
657,NDV,Niger Delta Vigilantes,,1
658,Newiba,Newiba,,3
659,Mayi Mayi - Ngilima ,Maï Maï - Ngilima ,,1
660,Nuer,Nuer,,3
661,Mahariba,Mahariba,,3
662,Mahamid,Mahamid,,3
663,Ogaden clan (Darod),Ogaden clan (Darod),,3
664,Oromo,Oromo,,3
665,PAC,Pan-Africanist Congress,,1
666,Pan,Pan,,3
667,PDF,Difaa al-Sha'abi,,1
668,Supporters of PDP,Supporters of People's Democratic Party,,2
669,Pian Karimojong,Pian Karimojong,,3
670,Pokot,Pokot,,3
671,Puntland State of Somalia,Dowladda Puntland ee Soomaaliya,,1
672,Rastas,Rastas,,1
673,FRF,Forces républicaines et federalists,,1
674,RCD - LN,Rassemblement Congolais pour la Démocratie - Laurent Nkunda faction,,1
675,Republic of Somaliland,Jamhuuriyadda Soomaaliland,14074,1
676,Rizeigat Abbala,Rizeigat Abbala,,3
677,RRA - MH,Rahanweyn Resistance Army - Madobe and Habsade faction,,1
678,RRA,Rahanweyn Resistance Army,,1
680,Sa'ad subclan of Habar Gidir clan (Hawiye),Sa'ad subclan of Habar Gidir clan (Hawiye),,3
681,Sabiny,Sabiny,,3
682,Sheikhal clan (Dir),Sheikhal clan (Dir),,3
683,Rer Ahmad subclan (Hawiye),Rer Ahmad subclan (Hawiye),,3
684,Hawarsame Rer Hasan and Habar Ya'qub subclan of Marehan clan (Darod),Hawarsame Rer Hasan and Habar Ya'qub subclan of Marehan clan (Darod),,3
685,Somali,Somali,,3
686,SSDF,Sudan People's Liberation Movement/Army - Nasir faction,,1
687,Suleiman subclan of Habar Gidir clan (Hawiye),Suleiman subclan of Habar Gidir clan (Hawiye),,3
688,Suri,Suri,,3
689,Tarok,Tarok,,3
690,Terjam,Terjam,,3
692,Toposa,Toposa,,3
693,Turkana,Turkana,,3
694,Ukele,Ukele,,3
695,ULIMO - J,United Liberation Movement for Democracy in Liberia - Roosevelt Johnson faction,,1
696,ULIMO - K,United Liberation Movement for Democracy in Liberia - Alhaji Kromah faction,,1
697,ULIMO,United Liberation Movement for Democracy in Liberia,,1
698,USC/SSA - OMF,"United Somalia Congress/Somali Salvation Alliance - Omar Mohamed Mohamud ""Finish"" faction",,1
699,Warsangeli subclan of Abgal clan (Hawiye),Warsangeli subclan of Abgal clan (Hawiye),,3
700,Yantar subclan of Mirifle clan (Digil-Mirifle),Yantar subclan of Mirifle clan (Digil-Mirifle),,3
701,Yoruba,Yoruba,,3
702,Yugur,Yugur,,3
703,Rizeigat Baggara,Rizeigat Baggara,,3
704,SLDF,Sabaot Land Defence Force,,1
705,Zaghawa,Zaghawa,,3
706,Lou Nuer,Lou Nuer ,,3
707,Didinga,Didinga,,3
708,Bor Dinka,Bor Dinka,,3
709,Bi'idyahan subclan of Majerteen clan (Darod),Bi'idyahan subclan of Majerteen clan (Darod),,3
710,Ismail subclan of Makahil clan (Darod),Ismail subclan of Makahil clan (Darod),,3
711,Majerteen subclan (Darod),Majerteen subclan (Darod),,3
712,Nyangatom ,Nyangatom ,,3
713,Dassanetch,Dassanetch,,3
714,Mungiki,Mungiki,,1
715,MPGK ,Mouvement Patriotique Ganda Koy,,1
716,AN ,Alliance nationale ,288,1
717,Al-Shabaab,Al-Shabaab,"13646, 337",1
719,Popular Revolutionary Movement,,200,1
720,MNR,Movimiento nacionalista revolucionario,200,1
721,ELN,Ejército de liberatión nacional,200,1
722,"Opposition coalition (Febreristas, Liberals and Communists)",,220,1
723,Military faction (forces of Alfredo Stroessner),,220,1
724,Military faction (forces of Andres Rodriguez),,220,1
725,National Liberation Army,,225,1
726,Military faction (Guatemala),,233,1
727,Forces of Carlos Castillo Armas,,233,1
728,FAR I,Fuerzas Armadas Rebeldes,233,1
729,FAR II,Fuerzas Armadas Revolucionarias,233,1
730,EGP,Ejército guerilleros de los pobres,233,1
731,ORPA,Organización revolucionaria del pueblo en armas,233,1
732,URNG,Unidad Revolucionaria nacional guatemalteca,233,1
733,Puerto Rican Nationalist Party,,238,1
734,M-26-7,,242,1
735,Cuban Revolutionary Council,,242,1
736,Military faction (forces of Eduardo A. Lonardi Doucet),,247,1
737,Military faction (colorados),,247,1
738,ERP,Ejército revolucionario del pueblo,247,1
739,Montoneros,Montoneros,247,1
740,Military faction (navy),,277,1
741,Bandera Roja,Bandera Roja,277,1
742,Military faction (forces of Hugo Chávez) ,,277,1
743,FARC,Fuerzas armadas revolucionarias colombianas,289,1
744,ELN,Ejército de Liberación Nacional,289,1
745,M-19,Movimiento 19 de Abril,289,1
746,EPL,Ejército popular de liberación,289,1
747,Military faction (constitutionalists),,290,1
748,ELN,Ejército de la liberación nacional,292,1
749,MIR,Movimiento de la izquierda revolucionaria,292,1
750,Sendero Luminoso,Sendero Luminoso,292,1
751,MRTA,Movimiento revolucionario Tupac Amaru ,292,1
752,Military faction (forces of Benjamin Mejia),,316,1
753,ERP,Ejército revolucionario del pueblo,316,1
754,FPL,Fuerzas populares de liberación farabundo Marti,316,1
755,FMLN,Direción Revolucionaria Unificada,316,1
756,MLN/Tupamaros,Movimiento de liberación nacional/Tupamaros,319,1
757,"Military faction (forces of Augusto Pinochet, Toribio Merino and Leigh Guzman) ",,321,1
758,FSLN,Frente Sandinista de liberación nacional,336,1
759,Contras,Contrarevolucionarios,336,1
760,SLA,,357,1
761,Military faction (forces of Moisés Giroldi) ,,367,1
762,Jamaat al-Muslimeen,Jamaat al-Muslimeen,378,1
763,Military faction (forces of Himmler Rebu and Guy Francois) ,,381,1
764,Military faction (forces of Raol Cédras) ,,381,1
765,FLRN,Front pour la Liberación et la Reconstruction Nationales,381,1
766,OP Lavalas,Organisations Populaires Lavalas,381,1
767,EZLN,Ejército Zapatista de liberación nacional,400,1
768,EPR,Ejercito Popular Revolucionario,400,1
769,al-Qaida ,al-Qaida ,418,1
770,ACCU,Autodefensas Campesinas de Córdoba y Urabá,,1
771,AUC,Autodefensas Unidas de Colombia,,1
772,Comando Vermelho,Comando Vermelho,,1
773,Huaorani,Huaorani,,3
774,Medellín Cartel,Cartel de Medellín,,1
775,Sinaloa Cartel,Cártel de Sinaloa,,1
776,M18 (Guatemala),Mara 18 (Guatemala),,1
777,MS-13 (Guatemala),Mara Salvatrucha (Guatemala),,1
778,MS-13 (Honduras),Mara Salvatrucha (Honduras),,1
779,Paz y Justicia,Paz y Justicia,,1
780,Tagaeri ,Tagaeri ,,3
781,Terceiro Comando,Terceiro Comando,,1
782,Gulf Cartel,Cártel del Golfo,,1
783,1920 Revolution Brigades,1920 Revolution Brigades,,1
784,MJF,Madhesi Jana Adhikar Forum,,1
785,DKBA,Democratic Karen Buddhist Army,,1
786,Palipehutu-FNL - LP,Parti pour la libération du peuple Hutu-Forces nationales de libération - Lovers of Peace Faction,,1
787,Lashkhar of Wazir,Lashkhar of Wazir tribe,,1
788,JVA faction,Isbahaysiga Dooxada Jubba faction,,1
789,RCD-K-ML ,Rassemblement Congolais pour la Démocratie-Kisangani-Mouvement de libération,,1
790,Bangesh,Bangesh,,3
791,Turi,Turi,,3
792,Forces of Shah Sahib,Forces of Shah Sahib,,1
793,Juarez Cartel,Cártel de Juárez,,1
794,Kachai sub-tribe of Bangesh,Kachai sub-tribe of Bangesh,,3
795,Mishti,Mishti,,3
796,Lashkar of Salarzai,Lashkar of Salarzai tribe,,1
797,Mangal,Mangal,,3
798,NSCN-U,National Socialist Council of Nagaland - Unification,,1
799,Tijuana Cartel,Cártel de Tijuana,,1
800,Tijuana Cartel - El Teo,Cártel de Tijuana - El Teo,,1
801,Hizb-i Wahdat - Akbari faction,Hizb-i Wahdat - Akbari faction,,1
802,Jamiat-ul-Dawa,Jamiat-ul-Dawa,,1
803,Shura-yi Nazar-i Shomali,Shura-yi Nazar-i Shomali,,1
804,BCP,Biplobi Communist Party,,1
805,PBCP,Purbo Banglar Communist Party,11350,1
806,Qaqachaca,Qaqachaca,,3
807,Laime,Laime,,3
808,Hells Angels,Hells Angels,,1
809,Rock Machine,Rock Machine,,1
810,Cali Cartel,Cártel de Cali,,1
811,PEPES,Perseguidos por Pablo Escobar,,1
812,Forest Brothers,tq'is dz'mebi,,1
813,White Legion,t'et'ri legioni,,1
814,Bodo,Bodo,,3
815,Santhal,Santhal,,3
816,Hizbul-Mujahideen,Hizbul-Mujahideen,,1
817,JKLF,Jammu and Kashmir Liberation Front,,1
818,Naga,Naga,,3
819,Dayak,Dayak,,3
820,Madurese,Madurese,,3
821,Dereiat,Dereiat,,3
822,al-Shaman,al-Shaman,,3
823,IMK,Bizutnawai Islami le Kurdistan,,1
824,Supporters of JLP,Supporters of Jamaica Labour Party,,2
825,Supporters of PNP,Supporters of People's National Party,,2
826,Fatah Revolutionary Council,Fatah al-Majlis al-Thawri ,,1
827,SLA,Jaysh Lubnān al-Janūbi,,1
828,Garcia,Garcia clan,,3
829,Peña Rojas,Peña Rojas clan,,3
830,MDA,Mongko Defence Army,,1
831,MDA - LM,Mongko Defence Army - Lin Min faction,,1
832,MQM-H,Mohajir Qaumi Mahaz-Haqiqi,,1
833,Wagia subclan of Takima,Wagia subclan of Takima,,3
834,Wayai subclan of Takima,Wayai subclan of Takima,,3
835,Wogia-Tunjup,Wogia-Tunjup,,3
836,Unjamap,Unjamap,,3
837,Hadji Faizal Abdulkarim,Hadji Faizal Abdulkarim clan,,3
838,Hadji Masir Ahalul,Hadji Masir Ahalul clan,,3
839,Azeri,Azeri,,3
840,Armenian,Armenian,,3
841,Forces of Ruslan Labazanov,Forces of Ruslan Labazanov,,1
842,Provisional Council of the Chechen Republic,Provisional Council of the Chechen Republic,,1
843,Republic of Georgia,Sakartvelo,,1
844,PLOTE,People's Liberation Organisation of Tamil Eelam,,1
845,Republic of Bosnia-Herzegovina,Republika Bosna i Hercegovina,,1
846,"SAO Eastern Slavonia, Baranja and Western Symria","Srpska autonomna oblast Slavonija, Baranja i Zapadni Srem",,1
847,SAO Krajina,Srpska autonomna oblast Krajina,,1
848,Forces of Jing Caludtiag,Forces of Jing Caludtiag,,1
849,Forces of Randy Karon,Forces of Randy Karon,,1
850,Supporters of Jean-Bertrand Aristide,Supporters of Jean-Bertrand Aristide,,2
851,Supporters of Roger Lafontant,Supporters of Roger Lafontant,,2
852,Meskhetian Turk,Meskhetian Turk,,3
853,Uzbek,Uzbek,,3
854,Kyrgyz,Kyrgyz,,3
856,Taleban - Ali Dad faction,,,1
857,Taleban - Mola Khel faction,,,1
858,Hindus (India),Hindus (India),,3
859,Muslims (India),Muslims (India),,3
860,Christians (Indonesia),Christians (Indonesia),,3
861,Muslims (Indonesia),Muslims (Indonesia),,3
872,Christians (Philippines),Christians (Philippines),,3
873,Muslims (Philippines),Muslims (Philippines),,3
874,Supporters of UNP,Supporters of Eksath Jathika Pakshaya,,2
875,Supporters of PA,Supporters of People's Alliance,,2
876,Santo Domingo Teojomulco,Santo Domingo Teojomulco,,3
877,Santiago Xochiltepec,Santiago Xochiltepec,,3
878,Paite,Paite,,3
879,PSP,al-hizb al-taqadummi al-ishtiraki,,1
880,MNDAA,,439,1
881,AQAP,Tanzim al-Qa'idah fi Jazirat al-'Arab,230,1
882,Ampatuan militia,Ampatuan militia,,1
883,DHD,Dima Halam Daogah,,1
884,KRA,Kuki Revolutionary Army,,1
885,HPC,Hmar People's Convention,,1
886,AAH,Asa'ib Ahl al-Haqq,,1
887,Lashkar of Orakzai,Lashkar of Orakzai tribe,,1
888,Forces of Turkestan Bhittani,Forces of Turkestan Bhittani,,1
889,LNUP,,440,1
890,KNUP,,221,1
891,Xawaadle clan (Hawiye),Xawaadle clan (Hawiye),,3
892,Andani,Andani,,3
893,Supporters of ACN,Supporters of Action Congress,,2
894,Ahlu Sunna Waljamaca,Ahlu Sunna Waljamaca,,1
895,Bangadi Militia,Bangadi Militia,,1
896,PARECO,Parti des résistants congolais,,1
897,Gaadsan subclan of Biimaal clan (Dir),Gaadsan subclan of Biimaal clan (Dir),,3
898,Ma'alin Weyne subclan of Mirifle clan (Digil-Mirifle),Ma'alin Weyne subclan of Mirifle clan (Digil-Mirifle),,3
899,Gumuz,Gumuz,,3
900,Hol Dinka,Hol Dinka,,3
901,Luo,Luo,,3
902,MDF,Moorland Defence Forces,,1
903,GIA - El Ahd Battalion,Groupe islamique armée - El Ahd Battalion,,1
904,GIA - El Forkane,Groupe islamique armée - El Forkane Battalion,,1
905,Bafanji,Bafanji,,3
906,Balikumbat ,Balikumbat ,,3
907,Banya,Banya,,3
908,Foulbe,Foulbe,,3
909,Kotoko,Kotoko,,3
910,Choa Arab,Choa Arab,,3
911,Oulad Rachid,Oulad Rachid,,3
912,Khozam  ,Khozam  ,,3
913,MPA - SOC,Mouvement populaire anjouanais - Said Omar Chamassi faction,,1
914,Hunde,Bahunde,,3
915,Hutu,Hutu,,3
916,Amhara,Amhara,,3
917,Arbore,Arbore,,3
918,Degodia,Degodia,,3
919,Derashe,Derashe,,3
920,Zeyle,Zeyle,,3
921,Gedeo,Gedeo,,3
922,Rer Liban subclan of Habr Awal (Issaq),Rer Liban subclan of Habr Awal (Issaq),,3
923,Rer Samatar subclan of Habr Awal (Issaq),Rer Samatar subclan of Habr Awal (Issaq),,3
924,Ajuran,Ajuran,,3
925,Samburu,Samburu,,3
926,Kikuyu,Kikuyu,,3
927,Kisii,Kisii,,3
928,Luhya,Luhya,,3
929,Marakwet,Marakwet,,3
930,Nandi,Nandi,,3
931,Orma,Orma,,3
932,Wardei,Wardei,,3
933,Pokomo,Pokomo,,3
934,FPLA,Front Populaire de Libération de l'Azawad,372,1
935,ARLA,Armeé révolutionnaire de liberation de l’Azaouad,,1
937,Tuareg,Tuareg,,3
938,Naparama,Naparama,,1
939,Adoni,Adoni,,3
940,Azara,Azara,,3
941,Efik,Efik,,3
942,Ibibio,Ibibio,,3
943,Wurukum ,Wurukum ,,3
944,Afisare,Afisare,,3
945,Ninzam,Ninzam,,3
946,Ife,Ife,,3
947,Modakeke,Modakeke,,3
948,Ilaje,Ilaje,,3
949,Urhobo,Urhobo,,3
950,Jukun,Jukun,,3
951,Karimjo,Karimjo,,3
952,Kwala,Kwala,,3
954,Ndoki,Ndoki,,3
955,Eleme,Eleme,,3
956,Umuleri,Umuleri,,3
957,Aguleri,Aguleri,,3
958,Abdalle subclan of Habar Awal clan (Isaaq),Abdalle subclan of Habar Awal clan (Isaaq),,3
959,Aidagalla subclan of Habar Garhadjis clan (Isaaq),Aidagalla subclan of Habar Garhadjis clan (Isaaq),,3
960,Abdalleh-Agon-Yar subclan of Abgal clan (Hawiye),Abdalleh-Agon-Yar subclan of Abgal clan (Hawiye),,3
961,Eli-Agon-Yar subclan of Abgal clan (Hawiye),Eli-Agon-Yar subclan of Abgal clan (Hawiye),,3
962,Abdulleh-Galmaha subclan of Abgal clan (Hawiye),Abdulleh-Galmaha subclan of Abgal clan (Hawiye),,3
963,Kabaloh subclan of Abgal clan (Hawiye),Kabaloh subclan of Abgal clan (Hawiye),,3
964,Galgalo,Galgalo,,3
965,Forces of Omar Jess,Forces of Omar Jess,,1
966,Ayr subclan of Habar Gidir clan (Hawiye),Ayr subclan of Habar Gidir clan (Hawiye),,3
967,Eli-Omar subclan of Abgal clan (Hawiye),Eli-Omar subclan of Abgal clan (Hawiye),,3
968,Abdalle-Aroneh subclan of Abgal clan (Hawiye),Abdalle-Aroneh subclan of Abgal clan (Hawiye),,3
969,Forces of Abdirizak Bihi,Forces of Abdirizak Bihi,,1
970,Forces of Ahmed Sheikh Buraleh,Forces of Ahmed Sheikh Buraleh,,1
971,Forces of Hussein Ali Ahmed,Forces of Hussein Ali Ahmed,,1
972,Forces of Abdurahman Ahmed Ali 'Tur',Forces of Abdurahman Ahmed Ali 'Tur',,1
973,SNF - MSAB ,Somali National Front - Mohamed Sheikh Ali Buraleh faction,,1
974,SPM/SNA ,Somali Patriotic Movement/Somali National Alliance,,1
975,DSA ,Digil Salvation Army,,1
976,USC/SNA - OA ,United Somali Congress/Somali National Alliance - Osman Atto faction,,1
977,USC-PM ,United Somali Congress-Peace Movement,,1
978,ANC - 'Greens' ,African National Congress - 'Greens' faction,,1
979,ANC - 'Reds' ,African National Congress - 'Reds' faction,,1
980,Supporters of AZAPO ,Supporters of Azanian People's Organization,,2
981,Codeta,Cape Organization for a Democratic Taxi Association,,1
982,CATA ,Cape Amalgamated Taxi Association,,1
983,Supporters of UDF ,Supporters of United Democratic Front,,2
984,Mangweni,Mangweni clan,,3
985,Mgodini,Mgodini clan,,3
986,Supporters of UDM ,Supporters of United Democratic Movement,,2
987,Supporters of Uwusa ,Supporters of United Workers' Union of South Africa,,2
988,Supporters of NUM ,Supporters of National Union of Mineworkers,,2
989,Webta ,Western Cape Black Taxi Association,,1
990,Lagunya ,"Langa, Guguletu and Nyanga Taxi Association",,1
991,Awlad Omran clan (Misseriya),Awlad Omran clan (Misseriya),,3
992,Jikany Nuer,Jikany Nuer,,3
993,Masalit ,Masalit ,,3
994,Salamat Baggara,Salamat Baggara,,3
995,Beni Halba Baggara,Beni Halba Baggara,,3
996,Fur,Fur,,3
997,SPLM/A - AH ,Sudan People's Liberation Movement/Army -  Abd al-Aziz al-Hululi faction,,1
998,SPLM/A - WN,Sudan People's Liberation Movement/Army - William Nyuon faction,,1
999,Chakosi,Chakosi,,3
1000,Moba,Moba,,3
1001,Iteso,Iteso,,3
1002,Afor,Afor,,3
1003,Supporters of Andry Rajoelina,Supporters of Andry Rajoelina,,2
1004,Hizbul Islam,Hizbul Islam,337,1
1005,Ngok Dinka,Ngok Dinka,,3
1006,Shiluk,Shiluk,,3
1007,Bari,Bari,,3
1008,Aliap Dinka ,Aliap Dinka ,,3
1009,Luac Jang Dinka,Luac Jang Dinka,,3
1010,Awan Dinka,Awan Dinka,,3
1011,Pari,Pari,,3
1012,Arab,Arab,,3
1013,Kounta,Kounta,,3
1014,Atyap,Atyap,,3
1015,Supporters of Laurent Gbagbo,Supporters of Laurent Gbagbo,,2
1016,Supporters of Alassane Outtara,Supporters of Alassane Outtara,,2
1017,Supporters of Didier Ratsiraka,Supporters of Didier Ratsiraka,,2
1018,Mauritanian,Mauritanian,,3
1019,Senegalese,Senegalese,,3
1020,Christians (Nigeria),Christians (Nigeria),,3
1021,Muslims (Nigeria),Muslims (Nigeria),,3
1022,Bini,Bini,,3
1023,Supporters of UNPP ,Supporters of United Nigeria People's Party,,2
1024,Kalenjin,Kalenjin,,3
1025,Misseriya,Misseriya,,3
1026,GIA - El Khadra Battalion,Groupe islamique armée - El Khadra Battalion,,1
1027,Geri,Geri,,3
1028,Abgal clan (Hawiye),Abgal clan (Hawiye),,3
1029,Matheniko Karimojong,Matheniko Karimojong,,3
1030,Maasai,Maasai,,3
1031,Ogoni,Ogoni,,3
1032,Tiv,Tiv,,3
1033,Okrika (Ijaw),Okrika (Ijaw),,3
1034,Habar Gidir clan (Hawiye),Habar Gidir clan (Hawiye),,3
1035,SNF ,Somali National Front,,1
1036,Awlad al-Zuid clan (Misseriya),Awlad al-Zuid clan (Misseriya),,3
1037,SSUM/A ,South Sudan United Movement/Army,,1
1038,Dodoth,Dodoth,,3
1039,Konso,Konso,,3
1040,Karimojong,Karimojong,,3
1041,Supporters of Marc Ravalomanana,Supporters of Marc Ravalomanana,,2
1042,Mundari,Mundari,,3
1043,RCD - CP ,Rassemblement Congolais pour la Démocratie - Christian Pay Pay faction,,1
1044,GACI,Mutuelle des Agriculteurs du Virunga,,1
1045,Buxton gang,Buxton gang,,1
1046,Fedayeen Islam,Fedayeen Islam,,1
1047,Indian Mujahideen,Indian Mujahideen,,1
1048,ALP, ရခိုင်ပြည် လွတ်မြောက်ရေ,223,1
1049,ANLP,,223,1
1050,APLP,,223,1
1051,JAS,Jama'atu Ahlis Sunna Lidda'awati wal-Jihad,"297, 353",1
1052,CPA,,223,1
1053,CPJP,Convention des patriotes pour la justice et la paix,416,1
1054,SALF,,436,1
1055,SLM,Sidama Liberation Movement,437,1
1056,Ogaden Liberation Front,,329,1
1057,Kusasi,Kusasi,,3
1058,Mamprusi,Mamprusi,,3
1059,Nyanga,Banyanga,,3
1060,Gonja,Gonja,,3
1061,Nawuri,Nawuri,,3
1062,Konkomba,Konkomba,,3
1063,Nanumba,Nanumba,,3
1064,Dagomba,Dagomba,,3
1065,Mujahid Party,,223,1
1066,NDFB - RD,National Democratic Front for Bodoland -  Ranjan Daimary faction,421,1
1067,Rejectionist Front,,234,1
1068,RPF,,223,1
1069,UFR,Union des Forces de la Résistance ,288,1
1070,Lashkar-e-Taiba,Lashkar-e-Taiba,,1
1071,Torma,Torma,,3
1072,Torma Manian,Torma Manian,,3
1073,Highlanders,Degegna,,3
1074,Banyarwanda,Banyarwanda,,3
1075,PUSIC,Parti pour l'unité et la sauvegarde de l'intégrité du Congo,,1
1076,UPC,Union des Patriotes Congolais,,1
1077,FRPI,Force de résistance patriotique en Ituri,,1
1078,Tishana-Me’en,Tishana-Me’en,,3
1079,Garre,Garre,,3
1080,Hamar,Hamar,,3
1081,Makahin,Makahin,,3
1082,Forces of General Morgan,Forces of General Morgan,,1
1083,Ari,Ari,,3
1084,Mursi,Mursi,,3
1085,Malay (Indonesia),Malay (Indonesia),,3
1086,Supporters of ANC,Supporters of Africa National Congress,,2
1087,Awlad Zeid,Awlad Zeid,,3
1088,Los Zetas,Los Zetas,,1
1089,Beltrán Leyva Cartel,Cártel de los Beltrán Leyva,,1
1090,Beltrán Leyva Cartel - Valdez Villareal faction,Cártel de los Beltrán Leyva - Valdez Villareal faction,,1
1091,Ansarallah,al-Shabab al-Mumin,230,1
1092,Atuot Dinka,Atuot Dinka,,3
1093,Ciek Dinka,Ciek Dinka,,3
1094,Boje,Boje,,3
1095,Nsadop,Nsadop,,3
1096,Mujahideen in the Golis Mountains,Mujahideen in the Golis Mountains,,1
1097,Rek Dinka,Rek Dinka,,3
1098,Qubeys subclan (Dir),Qubeys subclan (Dir),,3
1099,M18 (Honduras),Mara 18 (Honduras),,1
1100,Forces of Momin Afridi,Forces of Momin Afridi,,1
1101,TTP - TA,Tehrik-i-Taliban Pakistan - Tariq Afridi faction,404,1
1102,TTP - MR,Tehrik-i-Taliban Pakistan - Mulla Rafique faction,,1
1103,TTP - MT,Tehrik-i-Taliban Pakistan - Mullah Toofan faction,,1
1104,Laskar Jihad,Laskar Jihad,,1
1105,SNM - 'Calan cas' ,Somali National Movement - 'Red flag' faction ,,1
1107,DKBA 5,,221,1
1108,SSDM/A,,"11345, 309",1
1109,Guéré,Guéré,,3
1110,Burkinabé,Burkinabé,,3
1111,Senufo,Senufo,,3
1112,FPRN,Front populaire pour la renaissance nationale,288,1
1113,Military faction (forces of Samuel Toranzo Calderón),,247,1
1114,Mayi Mayi Complet,Maï Maï Complet,,1
1115,IGLF,,11447,1
1116,LDF,Lofa Defence Force,,1
1117,IFP,Inkatha Freedom Party,,1
1118,Oleh (Isoko),Oleh (Isoko),,3
1119,Olmoro (Isoko),Olmoro (Isoko),,3
1120,Forces of Yussuf Hajji Nur,Forces of Yussuf Hajji Nur,,1
1121,Saleban Abdalla subclan of Surre clan (Dir),Saleban Abdalla subclan of Surre clan (Dir),,3
1122,SSPP,,264,1
1123,SPLM/A-North,Harakat Al-Sha’abi Li-Tahrir Al-Sudan-Al-Shamal,309,1
1124,SSLM/A,,"11345, 309",1
1125,FDSI-CI,Forces de Défense et de Sécurité Impartiales de Côte d`Ivoire,419,1
1126,NTC,,11346,1
1127,Forces of Muammar Gaddafi,,11346,1
1128,ALiR,Armée pour la Libération du Rwanda,374,1
1129,Republic of South Sudan,,11344,1
1130,FSA,,,1
1131,AJPSN,Alliance des Jeunes Patriotes pour le sursaut national,,1
1132,Copts (Egypt),Copts (Egypt),,3
1133,Muslims (Egypt),Muslims (Egypt),,3
1134,Ezilo,Ezilo,,3
1135,Ezza,Ezza,,3
1136,FDC,Front de la défense du Congo,,1
1137,Gony Dinka,Gony Dinka,,3
1138,Thiyic Dinka,Thiyic Dinka,,3
1139,Malinké,Malinké,,3
1140,Sayawa,Sayawa,,3
1141,Kpelle,Kpelle,,3
1142,Lashkar of Zakakhel,Lashkar of Zakakhel tribe,,1
1143,Laskhar of Masozai Qaumi,Laskhar of Masozai Qaumi tribe,,1
1144,Opponents of al-Assad,Opponents of al-Assad,,2
1145,Supporters of al-Assad,Supporters of al-Assad,,2
1146,BIFM,Bangsamoro Islamic Freedom Fighters,308,1
1147,SVA,Shabelle Valley Alliance,,1
1148,Jur Beli,Jur Beli,,3
1149,La Familia,La Familia,,1
1150,Los Caballeros Templarios,Los Caballeros Templarios,,1
1151,Jalisco Cartel New Generation,Cártel de Jalisco Nueva Generación,,1
1152,Cartel Independiente de Acapulco,Cartel Independiente de Acapulco,,1
1153,La Barredora,La Barredora,,1
1154,La Resistencia,La Resistencia,,1
1155,Lashkar of Kukikhel,Lashkar of Kukikhel clan,,1
1156,ETIM,Hizbul Islam Li-Turkistan Ash-Sharqiyah,11349,1
1157,Ansar Dine,Ansar Dine,11347,1
1158,CMA,Mouvement national pour la libération de l'Azawad,372,1
1160,M23,Mouvement du 23-Mars,283,1
1161,MUJAO,Mouvement pour le Tawhîd et du Jihad en Afrique de l'Ouest,"11347, 386",1
1162,SRF,Al-Jabhat Al-Thawriyat Al-Sudan,309,1
1163,GNLA,,11342,1
1164,Military faction (Red Berets),Military faction (Red Berets),11347,1
1165,PBCP-J,,11350,1
1166,BLF,,325,1
1167,Deebam,Deebam,,1
1168,Deewell,Deewell,,1
1169,Outlaws,Outlaws,,1
1170,Jabhat Fateh al-Sham,Jabhat al-Nusra li al-Sham,,1
1171,Alago,Alago,,3
1172,Eggon,Eggon,,3
1173,Greenlanders,Greenlanders,,1
1177,Lashkar of Akakhel tribe ,Lashkar of Akakhel tribe ,,1
1178,Tawheed ul-Islam ,Tawheed ul-Islam ,,1
1180,Zeme Naga,Zeme Naga,,3
1181,Shia (Pakistan),Shia (Pakistan),,3
1182,Sunni (Pakistan),Sunni (Pakistan),,3
1183,Supporters of al-Ahly football team ,Supporters of al-Ahly football team ,,2
1184,Supporters of al-Masry football team,Supporters of al-Masry football team,,2
1185,PCPA,People's Committee against Police Atrocities ,,1
1186,PFT,Фронти халқии Тоҷикистон,395,1
1187,PLFI,People's Liberation Front of India,,1
1188,Mashashia,Mashashia,,3
1189,Isenasawo,Isenasawo,,1
1190,Isongo-furo,Isongo-furo,,1
1191,Forces of Agala,Forces of Agala,,1
1192,Forces of Edu,Forces of Edu,,1
1193,FNDIC,Federated Niger Delta Ijaw Communities,,1
1194,Alawite (Lebanon),Alawite (Lebanon),,3
1195,Sunni (Lebanon),Sunni (Lebanon),,3
1196,Banyamulenge,Banyamulenge,,3
1198,Mayi Mayi Simba,Maï Maï Lumumba,,1
1199,Raia Mutomboki,Raïa Mutomboki,,1
1200,APCLS,Alliance des patriotes pour un Congo libre et souverain,283,1
1208,Government of Bhutan,,"11347, 14113, 15283, 372, 416",4
1209,Government of Benin,,"11347, 14113, 15256, 15283, 372, 416, 430",4
1212,Government of eSwatini (Swaziland),,,4
1215,Forces of Harar garrison,,267,1
1216,Forces of Mullo Abdullo,,395,1
1218,JMB,Jamaat-ul-Mujahideen Bangladesh,,1
1219,Dogon,Dogon,,3
1220,Bul Nuer,Bul Nuer,,3
1224,Balanda,Balanda,,3
1296,Bete,Bété,,3
1304,Lobi,Lobi,,3
1306,Koulango ,Koulango,,3
1314,Djerma (Zherma),Djerma (Zherma),,3
1410,Idoma,Idoma,,3
1425,Ron,Ron,,3
1487,Kuteb,Kuteb,,3
1568,Idnan (Tuareg),Idnan (Tuareg),,3
1621,Dadjo,Dadjo,,3
1645,FDPC,Front démocratique du peuple Centrafricain,,1
1713,Konianke,Konianke,,3
1752,Musgum,Musgum,,3
1897,Beni Amir,Beni Amir,,3
1923,Gimir,Gimir,,3
1939,Waat Dinka,Waat Dinka,,3
1940,Kongor Dinka,Kongor Dinka,,3
1941,Taisha,Taisha,,3
1945,Beni Hussein,Beni Hussein,,3
1948,Kababish,Kababish,,3
1963,Nuba,Nuba,,3
1972,Northern Sudanese,Northern Sudanese,,3
1973,Southern Sudanese,Southern Sudanese,,3
1979,Birgid,Birgid,,3
1989,Mahariya,Mahariya,,3
1996,Mima,Mima,,3
2011,Lou Dinka ,Lou Dinka ,,3
2027,MLIA ,Forces of Udjani Mangbama,,1
2034,TAK,Teyrêbazên Azadiya Kurdistan ,383,1
2040,Wolayta,Wolayta,,3
2297,Tamil,Tamil,,3
2397,Nande,Banande,,3
2398,Batwa,Batwa,,3
2430,NSCN-K-K,National Socialist Council of Nagaland-Khole-Kitovi Faction,,1
2460,Han Chinese,Han Chinese,,3
2461,Uighur,Uighur,,3
2472,Zintan,Zintan,,3
2518,Forces of Sayed Mansur Naderi,Forces of Sayed Mansur Naderi,,1
2649,CNF,Chin National Front,222,1
2698,Buddhists (Myanmar),Buddhists (Myanmar),,3
2699,Muslims (Myanmar),Muslims (Myanmar),,3
2707,HuJI,Harakat-ul-Jihad-ul-Islami,,1
2765,Supporters of Jamaat-e-Islami,Supporters of Jamaat-e-Islami,,2
2847,Pashtun,Pashtun,,3
2848,Mohajir,Mohajir,,3
2849,Sindhi,Sindhi,,3
2863,Meher,Meher,,3
2864,Jatoi,Jatoi,,3
2907,Meitei,Meitei,,3
2922,Assamese,Assamese,,3
2930,Supporters of PPP,Supporters of Pakistan Peoples Party,,2
2933,Al-Khobar,Al-Khobar,,1
2939,NLFT-B,National Liberation Front of Tripura - Biswamohan faction,335,1
2941,Supporters of MQM,Supporters of Muttahida Qaumi Mahaz,,2
2951,Oatizai,Oatizai,,3
2952,Khadadkhel,Khadadkhel,,3
2953,Supporters of Yousaf Ali Khan Magsi,Supporters of Yousaf Ali Khan Magsi,,2
2954,Supporters of Zulfikar Ali Khan Magsi,Supporters of Zulfikar Ali Khan Magsi,,2
2987,Lashkar of Mohmand,Lashkar of Mohmand tribe,,1
3037,NDC,Nduma Défense du Congo,,1
3040,Nyatura,Nyatura,,1
3043,CNPSC,Maï Maï Réformé,283,1
3047,TTP-Islahi,Tehrik-i-Taliban Pakistan - Islahi faction,,1
3051,ULA,United League of Arakan,223,1
3057,Bangladeshi Immigrants,Bangladeshi Immigrants,,3
3060,Barundi,Barundi,,3
3103,Bwatiye,Bwatiye,,3
3107,Black Axe,Black Axe,,1
3108,Eyie,Eyie,,1
3109,KK,Klansmen Konfraternity ,,1
3110,SVC,Supreme Viking Confraternity,,1
3116,Maphite,Maphite,,1
3118,Bush Boys,Bush Boys,,1
3157,Ganda Iso,Ganda Iso,,1
3176,PCC,Primeiro Comando da Capital,,1
3192,UBA,یونائیٹڈ بلوچ آرمی,325,1
3203,M18 (El Salvador),Mara 18 (El Salvador),,1
3204,MS-13 (El Salvador),Mara Salvatrucha (El Salvador),,1
3211,SSC-Khatumo Administration,Maamul Goboleedka Khaatumo ee Soomaaliya,,1
3228,Akul,Akul,,3
3229,Kambrip,Kambrip,,3
3232,al-Tawhid Brigade,Liwa al-Tawhid,,1
3296,Los Zetas - Cártel del Noreste faction,Los Zetas - Cártel del Noreste faction,,1
3297,Zetas Vieja Escuela,Zetas Vieja Escuela,,1
3298,Guerreros Unidos,Guerreros Unidos,,1
3299,Los Rojos,Los Rojos,,1
3306,Supporters of Morsi,Supporters of Morsi,,2
3307,Opponents of Morsi,Opponents of Morsi,,2
3323,Los Zetas - Velazquez Caballero faction,Los Zetas - Velazquez Caballero faction,,1
3332,NURTW-Tokyo,National Union of Road Transport Workers-Tokyo faction,,1
3334,Gontrar,Gontrar,,3
3404,Tripura Tribal Communities,Tripura Tribal Communities,,3
3430,Banunu,Banunu,,3
3431,Batende,Batende,,3
3441,Bafulero,Bafulero,,3
3442,Bavira,Bavira,,3
3481,Signed-in-Blood Battalion,al-Mouwakoune Bi-Dima,11347,1
3514,Tutsi,Tutsi,,3
3518,UPCP,Union des Patriotes Congolais pour la Paix,283,1
3553,FNL-Ubugabo-Burihabwa,Forces nationales de libération-Ubugabo-Burihabwa,287,1
3554,FPR,Front Populaire pour le Redressement,,1
3555,Christians (CAR),Christians (CAR),,3
3556,Muslims (CAR),Muslims (CAR),,3
3563,SSDM/A - Cobra Faction,SSDM/A - Cobra Faction,11345,1
3568,Amothnhom Dinka ,Amothnhom Dinka ,,3
3569,Panyon Dinka ,Panyon Dinka ,,3
3579,Al-Zayadia,Al-Zayadia,,3
3580,Berti,Berti,,3
3587,Aguok,Aguok,,3
3909,Rizeigat,Rizeigat,,3
3912,Government of Malawi,,"14692, 14845, 265, 283, 314, 429",4
3946,CPI-ML-J,Communist Party of India-Marxist-Leninist-Janasakhti faction,227,1
3953,FLC,Front de Libération du Congo,,1
3955,CPI-ML-VM,Communist Party of India-Marxist-Leninist-Vinod Mishra,,1
3963,Tripura Non-Tribal Communities,Tripura Non-Tribal Communities,,3
3967,Kata Katanga,Kata Katanga,265,1
3968,BNLF,Bru National Liberation Front,,1
3981,NURTW-Auxiliary,National Union of Road Transport Workers-Auxiliary faction,,1
3986,Government of Zambia,,"11347, 14113, 14845, 15283, 337, 416",4
3998,Toubou ,Toubou ,,3
4000,Yan Gora,Yan Gora,,1
4004,Muslims (Sri Lanka),Muslims (Sri Lanka),,3
4006,Sultanate of Sulu,Sultanate of Sulu,11487,1
4007,FPRC,ex-Seleka,15283,1
4022,Atakar,Atakar,,3
4033,al-Farouq Brigades,Katayib al-Farouq,,1
4044,Bihari,Bihari,,3
4102,HGB,Forces of Hafiz Gul Bahadur,404,1
4120,Agatu,Agatu,,3
4130,M23-R,Mouvement du 23-Mars - Runiga faction,,1
4148,Mayi Mayi Kifuafua,Maï Maï Kifuafua,,1
4163,PYD,Partiya Yekîtiya Demokrat,13042,1
4167,Ghuraba al-Sham,Jabhat Ghurabā’ ash-Shām,,1
4171,Arab Brabich ,Arab Brabich ,,3
4183,Brigades of Aisha,Aisha Umm-al Mouemeneen,,1
4201,anti-Balaka,anti-Balaka,416,1
4203,Awlad Heiban clan (Misseriya) ,Awlad Heiban clan (Misseriya) ,,3
4204,Awlad Serur clan (Misseriya) ,Awlad Serur clan (Misseriya) ,,3
4226,SPLM/A - IO,Sudan People´s Liberation Army/Movement in Opposition,11345,1
4233,ADP,Al-Hizb al-Arabi al-Dimuqrati ,,1
4274,Waja,Waja,,3
4286,Forces of Paul Joseph Mukungubila,Forces of Paul Joseph Mukungubila,283,1
4290,Ikpanya (Ibibio),Ikpanya (Ibibio),,3
4314,Groupe de Sécurité (Nyatura Kasongo),Forces de défense des droits humains ,,1
4319,Ansar Bayt al-Maqdis,,391,1
4322,Aaro Aaro,,,1
4340,UDA,Ulster Defence Association,,1
4357,Jaysh al-Mukhtar,Jaysh al-Mukhtar,,1
4359,JRTN,Jaysh Rijāl at-Tarīqa an-Naqshabandiya,,1
4364,Jaish al-Adl,Jaish al-Adl,338,1
4369,Benghazi Revolutionaries Shura Council,Majlis Shura Thuwar Benghazi,,1
4370,Qadhadhfa,Qadhadhfa,,3
4371,Awlad Suleiman ,Awlad Suleiman ,,3
4376,al-Murabitun,al-Murabitun,11347,1
4380,MAA,Mouvement Arabe de l’Azawad,,1
4383,Luba,Baluba,,3
4412,Government of Turkmenistan,,416,4
4416,Amigos dos Amigos,Amigos dos Amigos/Friends of Friends,,1
4431,Barriga gang,Barriga gang,,1
4432,Sujeirinha gang,Sujeirinha gang,,1
4456,Syrian insurgents,Syrian insurgents,299,1
4462,Terceiro Comando Puro,Terceiro Comando Puro,,1
4465,La Union de Tepito,La Union de Tepito,,1
4467,Akibu,Akibu,,3
4468,Tonakau,Tonakau,,3
4475,Autodefensas Unidas de Michoacán,Autodefensas Unidas de Michoacán,,1
4477,Al-Saida,Al-Saida tribe,,3
4478,Al-Maraziq,Al-Maraziq tribe,,3
4486,Gulf Cartel - Ramirez Treviño faction,Cártel del Golfo - Ramirez Treviño faction,,1
4487,Gulf Cartel - Villareal faction,Cártel del Golfo - Villareal faction,,1
4492,La Mochomera,La Mochomera,,1
4531,Awlad Metanin clan (Misseriya),Awlad Metanin clan (Misseriya),,3
4536,Estados Unidos,Estados Unidos,,1
4537,Nova Okaida,Nova Okaida,,1
5541,Jabhat al-Akrad,Cebhet El-Ekrad,,1
5544,RJ,Justice Revolution,,1
5546,Al-Umma,Al-Umma,,1
5554,Ahrar al-Sham,Ahrar al-Sham,,1
5560,Salahadin Brigade,Salahadin Brigade,,1
5563,Ahfad al Rasoul Brigade,Ahfad al Rasoul Brigade,,1
5564,Islamic Kurdish Front, Islamic Kurdish Front,,1
5573,al-Qa'qa Brigade,Liwa al-Qa'qa,,1
5575,Islamic Front,al-Jabhat al-Islāmiyyah,,1
5632,Las Águilas Negras,Las Águilas Negras,,1
5659,al-Mahdi Army,Jaish al-Mahdi,259,1
5667,Jund Ansar Allah ,Jund Ansar Allah ,,1
5787,Supporters of APC,Supporters of All Progressives Congress,,2
5792,Bani Hilal,Bani Hilal,,3
5793,Nubian Dabudiya,Nubian Dabudiya,,3
5801,FDLR-RUD,Forces Démocratiques pour la Libération du Rwanda - Rassemblement Uni Pour la Démocratie,374,1
5802,Forces of the House of Representatives,Forces of the House of Representatives,11346,1
5817,Maidan,"Народне об'єднання ""Майдан"" / Narodne ob'yednannya ""Maydan""",13219,1
5821,Raia Mutomboki - Bravo,Raïa Mutomboki - Bravo,,1
5822,Raia Mutomboki - Makombo,Raia Mutomboki - Makombo,,1
5826,NDFB-S,National Democratic Front of Bodoland-Songbijit,421,1
5836,Supporters of Ukrainian unity,Supporters of Ukrainian unity,,2
5837,Supporters of independence for Eastern Ukraine,Supporters of independence for Eastern Ukraine,,2
5839,LPR,Луганская народная республика / Luganskaya narodnaya respublika,13247,1
5840,DPR,Донецкая народная республика / Donetskaya narodnaya respublika,13246,1
5849,SARC,,309,1
5861,Libya Dawn,Fajr Libya,,1
5864,TTP-KM,Tehrik-i-Taliban Pakistan - Khalid Mehsud faction,,1
5865,TTP-SM,Tehrik-i-Taliban Pakistan - Shehryar Mehsud faction,,1
5866,Darfur Joint Resistance Forces,,309,1
5880,GATIA,The Self-defence Group of Imghad Touareg and its Allies,,1
5885,MDF,Mabanese Defense Forces,,1
5895,Jaish-ul-Islam,Jaish-ul-Islam,,1
5904,Bakonzo,Bakonzo,,3
5914,United Armed Forces of Novorossiya,Объединённых Вооруженных Сил Новороссии,13306,1
5928,Jamaat-ul-Ahrar,Ahrar-ul-Hind,404,1
5940,Zintan Military Council,Zintan Military Council,11346,1
5965,PSLF,Palaung State Liberation Front,222,1
5986,UPLD,Union des Patriotes pour le Libération et le Développement,,1
5997,Mayi Mayi - Makabe,Maï Maï - Makabe Kalenga Ngwele,,1
5999,UPC,Union pour la Paix en Centrafrique ,416,1
6000,RPRC,Rassemblement pour la reconciliation des Centrafricains,,1
6001,Gwandere,Gwandere,,3
6002,Gulf Cartel - Los Fresitas faction,Cártel del Golfo - Los Fresitas faction,,1
6003,Gulf Cartel - Dragones de Sheyla faction,Cártel del Golfo - Dragones de Sheyla faction,,1
6007,Sinaloa Cartel - Los Salgueiro faction,Cártel de Sinaloa - Los Salgueiro faction,,1
6008,Sinaloa Cartel - Los Chavez Matamoros faction,Cártel de Sinaloa - Los Chavez Matamoros faction,,1
6009,Los Ardillos,Los Ardillos,,1
6011,SRF,Jabhat Thuwwar Surya,,1
6012,Mujahideen Army,Jaysh al-Mujahideen,,1
6015,Harkat Hazm,Harkat Hazm,,1
6037,Liwa al-Aqsa,Jund al-Aqsa,,1
6122,Los Aztecas,Los Aztecas,,1
6137,Military faction (forces of Nicolae Ceausescu),,370,1
6166,El Dorado long-term inmates,El Dorado long-term  inmates,,3
6167,Former Sabaneta inmates,Former Sabaneta inmates,,3
6176,Nan Boston gang,Nan Boston gang,,1
6177,Simon Pele gang,Simon Pelé gang,,1
6185,Elements (Luba militia),Elements,,1
6186,Perci (Batwa militia),Perci,,1
6187,Military faction (forces of Godefroid Niyombare),Military faction (forces of Godefroid Niyombare),287,1
6194,Forces of Mullah Abdol Rauf Khadim,Forces of Mullah Abdol Rauf Khadim,,1
6225,Apuk Giir,Apuk Giir,,3
6228,Ajnad al-Sham,Ajnad al-Sham,,1
6252,High Council of Afghanistan Islamic Emirate,Taleban - Mohamed Rasool faction,333,1
6254,Forces of the Presidential Leadership Council,,230,1
6267,FLM,Front de Libération du Macina,13611,1
6273,Aknaf Bait al-Maqdis,Aknaf Bait al-Maqdis,,1
6275,Sabaneta - Re-education sector gang,Sabaneta - Re-education sector gang,,1
6276,Sabaneta - Pavilion I gang,Sabaneta - Pavilion I gang,,1
6287,IPOB,Indigenous People of Biafra,303,1
6288,SDF,Hêzên Sûriya Demokratîk,13809,1
6294,Hamar (Ethiopia),Hamar (Ethiopia),,3
6297,FPB,Les Forces Republicaines du Burundi,287,1
6302,Jaysh al-Jihad (Saraya al- Jihad),Jaysh al-Jihad,,1
6306,Tahrir al- Sham Army,Tahrir al- Sham Army,,1
6320,UNLFW,United Liberation Front of Western South East Asia,13653,1
6333,Southern Front,Southern Front,,1
6341,Pakam Dinka,Pakam Dinka,,3
6342,Kuei Dinka,Kuei Dinka,,3
6343,Rup Dinka,Rup Dinka,,3
6348,CM-FPR,Coordination des Mouvements et Front Patriotique de Résistance ,,1
6354,MPC,Mouvement patriotique de Centrafrique,15283,1
6359,JAK-T,Jund al-Khilafah-Tunisia,343,1
6366,MFS,Mawtbo Fulhoyo Suryoyo,,1
6368,Khabour Guards,Naṭore d'Khabour,,1
6369,Jaysh al-Sanadid,Jaysh al-Sanadid,,1
6371,DPF,Majlis Shūrā al-Mujāhidīn Darnah,,1
6372,Levant Front,al-Jabha al-Shamiya,,1
6377,Jaysh al-Islam,Liwa al-Islam,,1
6383,Jaysh al-Sunna,Jaysh al-Sunna,,1
6391,Rahman Corps,Faylaq Al-Rahman,,1
6392,Martyr Lieutenant Ahmed Abdou Brigades,Quwwat al-Shaheed Ahmad al-Abdo,,1
6393,Authenticity and Development Front,Jabhat al-Asala wal Tanmiya,,1
6394,Jaysh Usud al-Sharqiya,Jaysh Usud al-Sharqiya,,1
6400,Ajdabiya Revolutionaries Shura Council ,Ajdabiya Revolutionaries Shura Council ,,1
6403,Zuwaya,Zuwaya,,3
6404,Sham Legion,Faylaq Al-Sham,,1
6405,Liwa al-Haq Idlib,Liwa al-Haq ,,1
6411,Jaysh al-Thuwar,Jaysh al-Thuwar,,1
6413,Liwa Thuwar ar-Raqqa,Liwa Thuwar ar-Raqqa,,1
6414,Liwa al-Jihad fi Sabeel Allah,Liwa al-Jihad fi Sabeel Allah,,1
6415,Saraya Jarablus,Saraya Jarablus,,1
6416,Tahrir Brigade,Tahrir Brigade,,1
6417,Jaysh al-Qasas,Jaysh al-Qasas,,1
6418,Liwa Amna' ar-Raqqa,Liwa Amna' ar-Raqqa,,1
6421,First Regiment,Al-Fawj al-Awl,,1
6422,Liwa al-Sultan Murad,Liwa al-Sultan Murad,,1
6423,Harakat Mujahidi al-Islam,Harakat Mujahidi al-Islam,,1
6424,Fajr al-Khilafa Brigades,Kataib Fajr al-Khilafa,,1
6430,Jama'at,Jama'at,,1
6431,Fistaqim Kama Umirat,Fistaqim Kama Umirat,,1
6433,16th Division,16th Division,,1
6434,Nour al-Din Zenki,Ḥaraka Nūr ad-Dīn az-Zankī,,1
6437,Furqan Brigades,Alwiya al-Furqan,,1
6438,Liwa Fursan al-Haqq,Liwa Fursan al-Haqq,,1
6439,101st Infantry Division,101st Infantry Division,,1
6440,Suqour al-Jabal,Liwa’ Suqour al-Jabal‎,,1
6446,Liwa al-Fateh,Liwa al-Fateh,,1
6450,Kita'ib al-Safwat al-Islamiya,Kita'ib al-Safwat al-Islamiya,,1
6481,Sinaloa Cartel - Los Memos faction,Sinaloa Cartel - Los Memos faction,,1
6482,Sinaloa Cartel - Los Salazar faction,Sinaloa Cartel - Los Salazar faction,,1
6483,Gulf Cartel - Los Ciclones faction,Gulf Cartel - Los Ciclones faction,,1
6485,Forces of Damaso,Cártel de Sinaloa - Fuerzas Especiales Dámaso,,1
6486,Sinaloa Cartel - Los 28 faction,Sinaloa Cartel - Los 28 faction,,1
6487,Sinaloa Cartel - El Pepillo faction,Sinaloa Cartel - El Pepillo faction,,1
6491,NDC-R,Nduma Défense du Congo - Rénové ,,1
6496,Bamba,Bamba,,3
6501,ACC,Peasant Self-Defence Group of Casanare,,1
6503,Daoussak (Tuareg),Daoussak (Tuareg),,3
6506,Bloque Central Bolívar,Central Bolivar Bloc,,1
6513,RED-TABARA ,Front National pour la Révolution au Burundi,287,1
6520,Yarmouk Army,Jaish al-Yarmouk,,1
6553,NSA,Jaysh Suriyah al-Jadid,,1
6560,Liwa Ahrar Souriya,Liwa Ahrar Souriya,,1
6562,al-Moutasem Brigade,Liwa' muetasim,,1
6563,Hamza Division,Hamza Division,,1
6573,Los Zetas - Jorge Ivan Hernandez Cantu faction,Los Zetas - Jorge Ivan Hernandez Cantu faction,,1
6574,Los Zetas - Juan Pedro Salvador Saldivar Farias faction,Los Zetas - Juan Pedro Salvador Saldivar Farias faction,,1
6578,Maute group,Khalifah Islamiyah Mindanao,308,1
6579,MAS,Muerte a Secuestradores ,,1
6587,Mayi Mayi Mazembe,Union des Patriotes pour la Défense des Innocents - Mazembe,,1
6590,Kamuina Nsapu,Kamuina Nsapu,283,1
6597,Jaysh al-Nukhba,Liberation Army,,1
6598,Free Idlib Army,Free Idlib Army,,1
6605,Jaysh al-Asha’er,Jaysh al-Asha’er,,1
6616,Harakit Sawa'id Misr,Harakit Sawa'id Misr,391,1
6632,Panyar Dinka,Panyar Dinka,,3
6634,Comités locaux de vigilance,Comités locaux de vigilance,,1
6640,Awlad Rashid,Awlad Rashid,,3
6641,3R,"Retour, Réclamation, Réhabilitation",,1
6648,Ansaroul Islam,Ansaroul Islam,,1
6659,Ikot-Offiong ,Ikot-Offiong community,,3
6660,Oku Iboku ,Oku Iboku community,,3
6678,Ron-Kulere,Ron-Kulere,,3
6684,RMDC, Conseil national pour le renouveau et la démocratie-Ubwiyunge,374,1
6685,Uduk,Uduk,,3
6689,Yurtta Sulh Konseyi,Yurtta Sulh Konseyi,383,1
6692,ARSA,Harakah al-Yaqin,223,1
6695,Mahadi,Mahadi,,3
6698,SDB,Saraya Difaa al-Bengazhi,,1
6701,Subol Al-Salam Brigade,Subol Al-Salam Brigade,,1
6704,La Nueva Familia,La Nueva Familia,,1
6711,DPR,Донецкая народная республика / Donetskaya narodnaya respublika,13306,1
6712,LPR,Луганская народная республика / Luganskaya narodnaya respublika,13306,1
6716,JNIM,Jamaat Nusrat al-Islam wal-Muslimin,"11347, 15256, 358, 360, 430",1
6731,Lulua,Lulua,,3
6732,Chokwe,Chokwe,,3
6739,Bana Mura,Bana Mura,,1
6740,MNR,Mouvement National des Révolutionnaires,283,1
6743,FDN,Família do Norte,,1
6751,Mayi Mayi Kirikicho,Maï Maï Kirikicho,,1
6756,Batabwa,Batabwa,,3
6765,Wanhihem,Wanhihem,,3
6766,Wanikade,Wanikade,,3
6767,Kadara,Kadara,,3
6769,Dozos (Mali),Dozos (Mali),,1
6779,Pangal,Pangal,,3
6792,SPLM/A-North - MA,Harakat Al-Sha’abi Li-Tahrir Al-Sudan-Al-Shamal - Malik Agar faction,,1
6794,NAS,National Salvation Front,11345,1
6798,Bahararsame subclan of Dhulbahante clan (Darod),Bahararsame subclan of Dhulbahante clan (Darod),,3
6799,Qayaad subclan of Dhulbahante clan (Darod),Qayaad subclan of Dhulbahante clan (Darod),,3
6801,Mayi Mayi Mayangose,Maï Maï Mayangose,,1
6805,Irigwe,Irigwe,,3
6806,Vuba militia,Vuba militia,,1
6810,Anas al-Dabbashi Brigade,Anas al-Dabbashi Brigade,,1
6812,Operations Room Combating Daesh,Operations Room Combating Daesh,,1
6814,Forces of Khalifa al-Ghawil,,11346,1
6815,HTS,Hay’at Tahrir al-Sham ,,1
6816,FPRC-AK,FPRC Azor Khalit faction,,1
6831,Raia Mutomboki Hama Kombo,Raia Mutomboki Hama Kombo,,1
6833,Raia Mutomboki Butachibera,Raia Mutomboki Butachibera,,1
6836,MSA,Mouvement du Salut de l’Azawad,,1
6841,Shuhada al-Wadi militia,Shuhada al-Wadi militia,,1
6844,Jama'at Ansar al-Islam,Jama'at Ansar al-Islam,391,1
6845,Anti-Balaka - Mokom,Anti-Balaka - Maxime Mokom,,1
6857,Koglweogo,Koglweogo,,1
6862,Saraya Ahl al-Sham,Saraya Ahl al-Sham,,1
6868,GPC,Al-Mo'tamar Ash-Sha'abiy Al-'Aam,230,1
6871,Deir ez Zor Military Council,Deir ez Zor Military Council,,1
6885,Nyatura Love,Nyatura - John Love,,1
6893,PFLL,,11346,1
6894,UPLC,Union des Patriotes pour la Libération du Congo,283,1
6896,Mayi Mayi Kyandenga,Maï Maï Kyandenga,283,1
6902,Kaniyat,Kaniyat,,1
6909,Opponents of Hasina,,,2
6918,Twiganeho,Twiganeho,,1
6920,CMC,Collectif des mouvements pour le changement,283,1
6929,Ingessana,Ingessana,,3
6930,MNLC,Mouvement patriotique pour la Centrafrique branch of General Bahar,,1
6936,Sindicato do Crime,Sindicato do Crime do Rio Grande do Norte,,1
6942,Bambuti,Bambuti,,3
6943,Ayiel Dinka,Ayiel Dinka,,3
6954,Brigade 48,Brigade 48,,1
6982,Peuhl militia (Zemio),Peuhl militia (Zemio),,1
6998,al-Harakat al-Islamiyah,al-Harakat al-Islamiyah,308,1
6999,BIFM-K,Bangsamoro Islamic Freedom Movement - Karialan faction,308,1
7014,GDE,Guardiões do Estado,,1
7026,Yandang,Yandang,,3
7032,ASWJ,Ahlu al-Sunna wa'l Jama'a,332,1
7034,Jalwau Dinka,Jalwau Dinka,,3
7038,Bonde dos 13,Bonde dos 13,,1
7046,ASL,Ansar al-Sharia in Libya,11346,1
7047,Rafallah al-Sahati Brigade,Rafallah al-Sahati Brigade,,1
7048,February 17 Martyrs Brigade,February 17 Martyrs Brigade,,1
7060,Igala,Igala,,3
7072,LNA,al-jaysh al-wataniyy al-Libii,,1
7074,EPL - Megateo,Ejército popular de liberación - Francisco Caraballo,289,1
7079,Bassa Kwomu,Bassa Kwomu,,3
7086,Pende,Pende,,3
7089,Bahemba,Bahemba,,3
7092,Dan na Ambassagou,Dan na Ambassagou,,1
7098,RNL,Résistants nationalistes Lumumbistes,283,1
7103,Suqour al-Sham,Suqour al-Sham Brigades,,1
7105,Syrian Liberation Front,Jabhat Tahrir Suriya,,1
7107,FABB,Force d'autodéfense Biloze Bishambuke,283,1
7108,Forces of Ibrahim Jadhran,Forces of Ibrahim Jadhran,,1
7112,Chiebiliew Yoal (Lou Nuer),Chiebiliew Yoal (Lou Nuer),,3
7113,Cie Bol,Cie Bol,,3
7118,Tanzim Hurras ad-Din,Tanẓīm Ḥurrās ad-Dīn,,1
7122,Ahrar al-Sharqiya,Ahrar al-Sharqiya,,1
7123,Awlad Busayf,Awlad Busayf,,3
7128,National Front for Liberation,Jabhat al-Wataniya lil-Tahrir,,1
7136,TRB,Tripoli Revolutionaries Brigade,,1
7137,Ghaniwa Brigade,Ghaniwa Brigade,,1
7138,Nawasi Battalion,Nawasi Battalion,,1
7151,CCMSR,Conseil de Commandement Militaire pour le Salut de la République,288,1
7156,Jabhat al-Samud,Jabhat al-Samud,,1
7163,FRGO,Forces de résistance du Grand Ouest,,1
7164,TPF,Tripoli Protection Force,,1
7165,THKP-C Acilciler,Türkiye Halk Kurtuluş Partisi-Cephesi - Acilciler,,1
7187,Nueva Plaza Cartel, Nueva Plaza Cartel,,1
7194,Ngumino,Mouvement populaire pour le changement du Congo,,1
7199,Gamo,Gamo,,3
7200,Guraghe,Guraghe,,3
7202,Dorze,Dorze,,3
7203,Silt'e,Silt'e,,3
7205,Mareqo,,,3
7206,Ma'awisley,Ma'awisley,,1
7207,Brigade 301,Brigade 301,,1
7214,EGC,Autodefensas Gaitanistas de Colombia,,1
7228,Sa'ad subclan of Habar Yonis (Isaaq),Sa'ad subclan of Habar Yonis (Isaaq),,3
7229,Biide subclan of Habar Jeclo (Isaaq),Biide subclan of Habar Jeclo (Isaaq),,3
7230,FPP-AP,"Maï-Maï Forces patriotiques populaires, Armée du peuple",,1
7231,Shabab al-Tawhid wa al-Aqiyda,Shabab al-Tawhid wa al-Aqiyda,,1
7238,Fuerza Anti Unión ,Fuerza Anti Unión ,,1
7240,Egbura Mozum,Egbura Mozum,,3
7248,Forces of Norodom Ranariddh,,300,1
7249,Military faction (Forces of Hun Sen),,300,1
7255,FACT,Front for Change and Concord in Chad,288,1
7256,Santa Rosa de Lima Cartel,Cártel de Santa Rosa de Lima,,1
7257,UPOEG,Unión de Pueblos y Organizaciones del Estado de Guerrero,,1
7260,Qimant,Qimant,,3
7268,APCLS-R, Alliance des patriotes pour un Congo libre et souverain-Rénové,,1
7295,Teke,Bateke,,3
7302,Gak Dinka,Gak Dinka,,3
7303,Manuer Dinka,Manuer Dinka,,3
7305,Self-Defense Mujahidin (CAR),Self-Defense Mujahidin (CAR),,1
7322,Pagok Dinka,Pagok Dinka,,3
7332,Ambazonia insurgents,Ambazonia insurgents,14129,1
7344,STC,al-Majlis al-Intiqālī l-Janūbiyy,,1
7371,Tajamu Shuhada al-Sharqiya,Tajamu Shuhada al-Sharqiya,,1
7372,Yan Sakai,Yan Sakai,,1
7373,Lunguda,Lunguda,,3
7381,La Linea,La Linea,,1
7395,Cartel del Sur,Cartel del Sur,,1
7399,Grupo Escorpion,Grupo Escorpion,,1
7409,Latuka,Latuka,,3
7412,FLEC-FAC-TN,Frente da Libertação do Enclave de Cabinda - Forças Armadas de Cabinda - Tiago Nzita faction,387,1
7414,SLM/A - SB,SLM/A - Salih Borsa faction,,1
7415,SLM/A - MA,SLM/A - Mubarak Aldouk faction,,1
7416,Misseriya Jebel ,Misseriya Jebel ,,3
7418,Army of Ahl al-Sunni wal Jamaa ,Army of Ahl al-Sunni wal Jamaa ,,1
7421,Bayareq al-Shaaitat ,Bayareq al-Shaaitat ,,1
7422,Liwa al-Qadisiya,Liwa al-Qadisiya,,1
7423,Army of Maoata al-Islami,Jaysh al-Maoata al-Islami,,1
7424,Army of al-Ikhlas,Jaysh al-Ikhlas,,1
7425,Jaish al-Muhajireen wal-Ansar,Jaish al-Muhajireen wal-Ansar,,1
7427,Shitile (Tiv),Shitile (Tiv),,3
7428,Ikurav (Tiv),Ikurav (Tiv),,3
7438,Military faction (forces of Asaminew Tsige),,14935,1
7448,MLCJ,Mouvement des Libérateurs Centrafricains pour la Justice,,1
7456,Ahali,Ahali,,3
7463,URDPC,Union des révolutionnaires pour la défense du peuple congolais ,,1
7465,Mouro,Mouro,,3
7490,Sons of Yarmouk Movement,Harakat Ibn al-Yarmouk,,1
7497,Lengola,Lengola,,3
7514,SNA,Jaysh al-Watani al-Suri,,1
7518,Jaysh al Nasr,Jaysh al Nasr,,1
7519,23rd Division,Firka 23,,1
7531,Abu al-Abbas Brigades,Abu al-Abbas Brigades,,1
7542,BRAS,Baloch Raji Aajoi Sangar,325,1
7559,ALC,Deuxième brigade Tazama de l’Armée de libération – CODECO,,1
7582,Dawn of Freedom Brigades,Liwa Ahfad al Mursaleen,,1
7592,Agbaduma (Agatu),Agbaduma (Agatu),,3
7593,Abugbe (Agatu),Abugbe (Agatu),,3
7595,OLA,Waraana Bilisummaa Oromoo,413,1
7601,Ahrar Ghurayan,Ahrar Ghurayan,,1
7614,Omar al-Mukhtar Battalion,Liwa al-Mujahid Omar al-Mukhtar,,1
7616,Farmers (Chad),Farmers (Chad),,3
7617,Herders (Chad),Herders (Chad),,3
7625,Gawaar Nuer,Gawaar Nuer,,3
7626,Twic Dinka,Twic Dinka,,3
7631,Northern Storm Brigade,Liwa Asifat ash Shamal,,1
7632,Oi Kuru,Oi Kuru,,3
7633,Libe Koi,Libe Koi,,3
7634,Comando Classe A,Comando Classe A,,1
7640,Mayi Mayi Luwotu,Bahandule,,1
7644,FPIC Chambre noire sanduku,Force patriotique et intégrationniste du Congo,,1
7645,Euphrates Islamic Liberation Front,Jabhat al-Tahrir al-Furat al-Islamiyyah,,1
7647,CRAC-PF,Coordinadora Regional de Autoridades Comunitarias-Pueblos Fundadores,,1
7654,Sham al-Rasul Brigade,Liwa Sham al-Rasul ,,1
7658,Majd al-Sham,Liwa Majd al-Sham ,,1
7659,Baz al-Islamiya,Katayib al-Baz al-Islamiya,,1
7671,Jazeera-Euphrates Liberation Front,Al Jazeera-Euphrates Liberation Front,,1
7673,Hamza Asadullah Brigade,Liwa Hamza Asadullah,,1
7700,Jole,Jole,,3
7701,Shomo,Shomo,,3
7713,PRNC,Parti pour le Rassemblement de la Nation Centrafricaine,,1
7720,Ichen,Ichen,,3
7721,Chabo,Chabo,,3
7734,Zaire self-defense group,Zaïrois,,1
7752,NDC-R-GBS,Nduma Défense du Congo - Rénové - Gilbert Bwira Shuo faction,,1
7755,AFP-Gutabara,Alliance des fédéralistes patriotes-Gutabara,,1
7792,Ale,Ale,,3
7793,G9,G9 an Fanmi e Alye,,1
7795,Sinaloa Cartel - Los Chapitos,Sinaloa Cartel - Los Chapitos,,1
7796,Sinaloa Cartel - Los Mayos,Sinaloa Cartel - Los Mayos,,1
7811,Apuk Padoc,Apuk Padoc,,3
7812,Atok Buk,Atok Buk,,3
7819,FDBC,Force de défense contre la balkanisation du Congo,,1
7847,Wharf de Jeremie gang,Wharf de Jérémie gang,,1
7848,Nan Belekou gang,Nan Belekou gang,,1
7849,Grand Ravine,Grand Ravine,,1
7850,Nan Chabón,Nan Chabón,,1
7852,Delmas 6 gang,Delmas 6 gang,,1
7863,Gran Grif,Gran Grif,,1
7870,CPC,Coalition des patriotes pour le changement,416,1
7879,Shinasha,Shinasha,,3
7881,Nan Barozi gang,Nan Barozi gang,,1
7882,Pilate Base gang,Pilate Base gang,,1
7883,Nan Ti Bwa gang,Nan Ti Bwa gang,,1
7884,Delmas 95 gang,Delmas 95 gang,,1
7885,Delmas 19 gang ,Delmas 19 gang ,,1
7889,400 Mawozo ,400 Mawozo ,,1
7922,Los Pachenca,Los Pachenca,,1
7934,Awramale subclan (Darod),Awramale subclan (Darod),,3
7938,CODECO-BTD,Bon Temple de Dieu,,1
7941,Agaw,Agaw,,3
7962,Hawazma,Hawazma,,3
7971,Los Choneros,Los Choneros,,1
7972,Los Lagartos,Los Lagartos,,1
7974,Frente Oliver Sinisterra ,Frente Oliver Sinisterra ,,1
7982,Nyatura Turarambiwe,Nyatura Turarambiwe,,1
7983,Caborca Cartel,Cártel de Caborca,,1
7994,Agworok (Atyap),Agworok (Atyap),,3
7995,Chawai,Chawai,,3
8002,Mwaghavul ,Mwaghavul ,,3
8003,Los Virus,Los Virus,,1
8006,Los Tlacos,Los Tlacos,,1
8008,Los Tiguerones,Los Tiguerones,,1
8009,Los Lobos ,Los Lobos ,,1
8010,Los Chone Killers ,Los Chone Killers,,1
8011,Los Pipos, Los Pipos,,1
8020,Tapo,Tapo,,3
8021,Agarabi,Agarabi,,3
8034,5 Segond,5 segon,,1
8058,Bonta Boys,Bonta Boys,,1
8060,NUG,National Unity Government,222,1
8068,Funj,Funj,,3
8079,Taliban,Taliban,,1
8094,Islah,at-Tajammu’u al-Yamanī lil-Iṣlāḥ,,1
8095,Carteles Unidos,Carteles Unidos,,1
8097,Buya,Buya,,3
8098,Kawahla,Kawahla,,3
8099,Dar Ali (Hawazma),Dar Ali (Hawazma),,3
8104,G-Pep,G-Pèp,,1
8110,Lou Paher,Lou Paher,,3
8114,NRF,‏‏‏جبهه متحد اسلامی ملی برای نجات افغانستان,333,1
8118,Fano,Fano,16069,1
8133,Azande,Azande,,3
8136,Nuba Logan,Nuba Logan,,3
8137,Kenana,Kenana,,3
8151,Korri,Korri,,3
8175,FRODEBU,Front pour la démocratie au Burundi,,1
8179,TKP-ML,Türkiye Komünist Partisi/Marksist-Leninist,383,1
8196,GLF,Gambella Liberation Front,267,1
8198,Bala na Cara,Bala na Cara,,1
8199,Anti-Bala,Anti-Bala,,1
8201,SPLM/A - IO - Kitgwang,Sudan People´s Liberation Army/Movement in Opposition - Kitgwang faction,11345,1
8244,Indian,Indian,,3
8245,Black,Black,,3
8247,Kagal,Kagal,,3
8254,Bulala,Bulala,,3
8255,Cie Kho,Cie Kho,,3
8256,Cie Guandong,Cie Guandong,,3
8259,Banibangou Vigilance Committee,Comité de Vigilance Banibangou,,1
8260,Os Manos,Os Manos,,1
8270,Iyeke (Batwa),Iyeke (Batwa),,3
8271,Nkundo,Nkundo,,3
8276,Giants Brigade,al-Weyat al-Amaliqa al-Janubia,,1
8279,Bonde do Maluco,Bonde do Maluco,,1
8280,Katiara,Katiara,,1
8281,Comando da Paz,Comando da Paz,,1
8292,Associação Família Capixaba,Associação Família Capixaba,,1
8293,Cartel do Norte,Cartel do Norte,,1
8294,Família Terror Amapá,Família Terror Amapá,,1
8295,Amigos Para Sempre,Amigos Para Sempre,,1
8329,Yare I - The Towers sector gang ,Yare I - Pandilla del sector Las Torres,,1
8330,Yare I - The Workshop sector gang ,Yare I - Pandilla del sector Los Talleres ,,1
8335,Ajeita,Ajeita,,1
8338,Los Mayas,Los Mayas,,1
8339,Los Colombianos,Los Colombianos,,1
8343,AFF,جبههَ آزادی افغانستان,333,1
8363,Nomali,Nomali,,3
8364,Aiyala,Aiyala,,3
8369,R7,R7,,1
8382,Pájaros Sierra,Pájaros Sierra,,1
8387,Cartel Independiente de Colima,Cartel Independiente de Colima,,1
8417,Kraze Baryè,Kraze Baryè,,1
8422,Yaka,Yaka,,3
8431,Palinau,Palinau,,3
8433,Pasal,Pasal,,3
8434,Yukap,Yukap,,3
8442,Los Costenos,Los Costenos,,1
8449,PNLO,,222,1
8458,Massa,Massa,,1
8468,FARC-EMC,Fuerzas Armadas Revolucionarias de Colombia - Estado Mayor Central,289,1
8469,FARC - Segunda Marquetalia ,FARC - Segunda Marquetalia,289,1
8474,Sangre Nueva Zeta,Sangre Nueva Zeta,,1
8478,Comandos de la Frontera,Comandos de la Frontera,,1
8485,Mayi Mayi Chini ya Tuna,Maï Maï Chini ya Tuna,,1
8487,Forces of Nsengiyumva,Forces of Nsengiyumva,,1
8492,Kulumata,Kulumata,,3
8493,Kuboma,Kuboma,,3
8499,Tenet,Tenet,,3
8510,Nambelo Lohembe sector,Nambelo Lohembe sector,,3
8511,Vunge sector,Vunge sector,,3
8513,SPLM/A - IO - Olony,Sudan People´s Liberation Army/Movement in Opposition - Olony faction,,1
8534,Baac,Baac,,3
8541,Katuku,Katuku,,1
8577,Naparama,Naparama,,1
8584,La Raza,La Raza,,1
8586,Bonde dos 40,Bonde dos 40 Ladrão,,1
8587,PCM,Primeiro Comando do Maranhäo,,1
8588,Los Rusos,Los Rusos,,1
8615,Holanda,Holanda,,1
8632,Mobondo,Mobondo,,1
8633,AAKG,Azande Ani Kpi Gbe,,1
8635,RSF,Quwwāt ad-daʿm as-sarīʿ,309,1
8636,Mbole,Mbole,,3
8639,RDK,Russkiy dobrovolcheskiy korpus,399,1
8640,LSR,Legion Svoboda Rossii,399,1
8650,Wagner,ChVK Vagner,399,1
8653,Sikin,,,3
8655,Kaekin,,,3
8656,Nenei,Nenei,,3
8764,Latin Kings,Latin Kings,,1
8775,Sans Echec,Sans Echec,,1
8785,Sans défaite,Sans défaite,,1
8789,TJP,Tehreek-e-Jihad Pakistan,404,1
8792,DZ Mafia,DZ Mafia,,1
8793,Yoda,Yoda,,1
8796,Leelkase subclan (Darod),Leelkase subclan (Darod),,3
8803,OLA - Fekade Abdisa faction,Waraana Bilisummaa Oromoo - Faqadaa Abdiisaa,,1
8818,CNDD-Benjamin,Conseil national pour la défense de la démocratie-Groupe Benjamin,,1
8822,FLA,"Cadre stratégique permanent pour la paix, la sécurité et le développement ",16038,1
8832,VDP,Alliance des résistants de la patrie,,1
8849,Basonge,Basonge,,3
8850,Bakwa Luntu (Luba),Bakwa Luntu (Luba),,3
8866,Los Pepes,Los Pepes,,1
8876,Terre Noire,Terre Noire,,1
8885,AFC,Alliance Fleuve Congo,283,1
8894,Chain Guys ,Chain Guys ,,1
8895,Full Force ,Full Force ,,1
8948,Ambulin,Ambulin,,3
8949,Sau Walep,Sau Walep,,3
8951,Yopo,Yopo,,3
8996,Yandamau,Yandamau,,3
8998,Sau,Sau,,3
8999,Lungipin,Lungipin,,3
9000,Yokoend,Yokoend,,3
9029,Los Aguilas,Los Aguilas,,1
9067,Viv Ansanm,Viv Ansanm,381,1
9075,Fatales,Fatales,,1
9083,I don't care,I don't care,,1
9107,Forces of Mai Yankuzu,Forces of Mai Yankuzu,,1
9108,Forces of Dogo Bali,Forces of Dogo Bali,,1
9120,Forces of Sani  Dangote ,Forces of Sani Dangote ,,1
9121,Forces of Gwaska Dankarami,Forces of Gwaska Dankarami,,1
9122,Forces of Lamo Saude,Forces of Lamo Saude,,1
9123,Forces of Dan Chaki ,Forces of Dan Chaki ,,1
9161,Piande,Piande,,3
9162,Sakar,Sakar,,3
9191,FARC-EMC-Calarcá,Fuerzas Armadas Revolucionarias de Colombia - Estado Mayor Central -Calarcá,,1
9194,Forces of Ayongou,Forces of Ayongou,,1
9195,Forces of Terwase Akwanza,Forces of Terwase Akwanza,,1
9256,Mafia 18,Mafia 18,,1
9260,Jubaland State of Somalia,Somali Arabic ,16379,1
9321,Dignidad por Arauca,Dignidad por Arauca,,1
9336,Frente William Rivas ,Frente William Rivas ,,1
9340,Los Viagras,Los Viagras,,1
9341,La Barredora (Tabasco),La Barredora (Tabasco),,1
9342,Michoacán Cartel New Generation,Cártel Michoacán Nueva Generación,,1
9363,Chandelle self-defense group,Chandelle self-defense group,,1
9369,Marial Wau,,,3
9385,Los Saobox,Los Saobox,,1
9390,Los Blancos de Troya,Los Blancos de Troya,,1
9391,Los de la Virgen,Los de la Virgen,,1
9403,Los Tiguerones Igualitos faction,Los Tiguerones Igualitos,,1
9404,Los Tiguerones Fenix faction,Los Tiguerones Fénix faction,,1
